Date,difficulty
2020-04-11,14715214060657.0
2020-04-12,14715214060657.0
2020-04-13,14715214060657.0
2020-04-14,14715214060657.0
2020-04-15,14715214060657.0
2020-04-16,14715214060657.0
2020-04-17,14715214060657.0
2020-04-18,14715214060657.0
2020-04-19,14715214060657.0
2020-04-20,14715214060657.0
2020-04-21,15624843397592.5
2020-04-22,15958652328578.0
2020-04-23,15958652328578.0
2020-04-24,15958652328578.0
2020-04-25,15958652328578.0
2020-04-26,15958652328578.0
2020-04-27,15958652328578.0
2020-04-28,15958652328578.0
2020-04-29,15958652328578.0
2020-04-30,15958652328578.0
2020-05-01,15958652328578.0
2020-05-02,15958652328578.0
2020-05-03,15958652328578.0
2020-05-04,15958652328578.0
2020-05-05,16079831604277.9
2020-05-06,16104807485529.0
2020-05-07,16104807485529.0
2020-05-08,16104807485529.0
2020-05-09,16104807485529.0
2020-05-10,16104807485529.0
2020-05-11,16104807485529.0
2020-05-12,16104807485529.0
2020-05-13,16104807485529.0
2020-05-14,16104807485529.0
2020-05-15,16104807485529.0
2020-05-16,16104807485529.0
2020-05-17,16104807485529.0
2020-05-18,16104807485529.0
2020-05-19,16104807485529.0
2020-05-20,15213703057048.3
2020-05-21,15138043247083.0
2020-05-22,15138043247083.0
2020-05-23,15138043247083.0
2020-05-24,15138043247083.0
2020-05-25,15138043247083.0
2020-05-26,15138043247083.0
2020-05-27,15138043247083.0
2020-05-28,15138043247083.0
2020-05-29,15138043247083.0
2020-05-30,15138043247083.0
2020-05-31,15138043247083.0
2020-06-01,15138043247083.0
2020-06-02,15138043247083.0
2020-06-03,15138043247083.0
2020-06-04,14477089134396.8
2020-06-05,13732352106018.0
2020-06-06,13732352106018.0
2020-06-07,13732352106018.0
2020-06-08,13732352106018.0
2020-06-09,13732352106018.0
2020-06-10,13732352106018.0
2020-06-11,13732352106018.0
2020-06-12,13732352106018.0
2020-06-13,13732352106018.0
2020-06-14,13732352106018.0
2020-06-15,13732352106018.0
2020-06-16,14265974077877.3
2020-06-17,15784744305477.0
2020-06-18,15784744305477.0
2020-06-19,15784744305477.0
2020-06-20,15784744305477.0
2020-06-21,15784744305477.0
2020-06-22,15784744305477.0
2020-06-23,15784744305477.0
2020-06-24,15784744305477.0
2020-06-25,15784744305477.0
2020-06-26,15784744305477.0
2020-06-27,15784744305477.0
2020-06-28,15784744305477.0
2020-06-29,15784744305477.0
2020-06-30,15784618886622.5
2020-07-01,15784217546288.0
2020-07-02,15784217546288.0
2020-07-03,15784217546288.0
2020-07-04,15784217546288.0
2020-07-05,15784217546288.0
2020-07-06,15784217546288.0
2020-07-07,15784217546288.0
2020-07-08,15784217546288.0
2020-07-09,15784217546288.0
2020-07-10,15784217546288.0
2020-07-11,15784217546288.0
2020-07-12,15784217546288.0
2020-07-13,16570395220715.7
2020-07-14,17345948872516.0
2020-07-15,17345948872516.0
2020-07-16,17345948872516.0
2020-07-17,17345948872516.0
2020-07-18,17345948872516.0
2020-07-19,17345948872516.0
2020-07-20,17345948872516.0
2020-07-21,17345948872516.0
2020-07-22,17345948872516.0
2020-07-23,17345948872516.0
2020-07-24,17345948872516.0
2020-07-25,17345948872516.0
2020-07-26,17345948872516.0
2020-07-27,17309155182109.1
2020-07-28,16847561611550.0
2020-07-29,16847561611550.0
2020-07-30,16847561611550.0
2020-07-31,16847561611550.0
2020-08-01,16847561611550.0
2020-08-02,16847561611550.0
2020-08-03,16847561611550.0
2020-08-04,16847561611550.0
2020-08-05,16847561611550.0
2020-08-06,16847561611550.0
2020-08-07,16847561611550.0
2020-08-08,16847561611550.0
2020-08-09,16847561611550.0
2020-08-10,16871707187017.9
2020-08-11,16947802333947.0
2020-08-12,16947802333947.0
2020-08-13,16947802333947.0
2020-08-14,16947802333947.0
2020-08-15,16947802333947.0
2020-08-16,16947802333947.0
2020-08-17,16947802333947.0
2020-08-18,16947802333947.0
2020-08-19,16947802333947.0
2020-08-20,16947802333947.0
2020-08-21,16947802333947.0
2020-08-22,16947802333947.0
2020-08-23,16947802333947.0
2020-08-24,17340945336075.322
2020-08-25,17557993035167.0
2020-08-26,17557993035167.0
2020-08-27,17557993035167.0
2020-08-28,17557993035167.0
2020-08-29,17557993035167.0
2020-08-30,17557993035167.0
2020-08-31,17557993035167.0
2020-09-01,17557993035167.0
2020-09-02,17557993035167.0
2020-09-03,17557993035167.0
2020-09-04,17557993035167.0
2020-09-05,17557993035167.0
2020-09-06,17557993035167.0
2020-09-07,17445332713343.377
2020-09-08,17345997805929.0
2020-09-09,17345997805929.0
2020-09-10,17345997805929.0
2020-09-11,17345997805929.0
2020-09-12,17345997805929.0
2020-09-13,17345997805929.0
2020-09-14,17345997805929.0
2020-09-15,17345997805929.0
2020-09-16,17345997805929.0
2020-09-17,17345997805929.0
2020-09-18,17345997805929.0
2020-09-19,17345997805929.0
2020-09-20,19148290888758.86
2020-09-21,19314656404097.0
2020-09-22,19314656404097.0
2020-09-23,19314656404097.0
2020-09-24,19314656404097.0
2020-09-25,19314656404097.0
2020-09-26,19314656404097.0
2020-09-27,19314656404097.0
2020-09-28,19314656404097.0
2020-09-29,19314656404097.0
2020-09-30,19314656404097.0
2020-10-01,19314656404097.0
2020-10-02,19314656404097.0
2020-10-03,19314656404097.0
2020-10-04,19300708897945.594
2020-10-05,19298087186263.0
2020-10-06,19298087186263.0
2020-10-07,19298087186263.0
2020-10-08,19298087186263.0
2020-10-09,19298087186263.0
2020-10-10,19298087186263.0
2020-10-11,19298087186263.0
2020-10-12,19298087186263.0
2020-10-13,19298087186263.0
2020-10-14,19298087186263.0
2020-10-15,19298087186263.0
2020-10-16,19298087186263.0
2020-10-17,19529685517635.715
2020-10-18,19997335994446.0
2020-10-19,19997335994446.0
2020-10-20,19997335994446.0
2020-10-21,19997335994446.0
2020-10-22,19997335994446.0
2020-10-23,19997335994446.0
2020-10-24,19997335994446.0
2020-10-25,19997335994446.0
2020-10-26,19997335994446.0
2020-10-27,19997335994446.0
2020-10-28,19997335994446.0
2020-10-29,19997335994446.0
2020-10-30,19997335994446.0
2020-10-31,19997335994446.0
2020-11-01,19997335994446.0
2020-11-02,19997335994446.0
2020-11-03,17865273539019.508
2020-11-04,16787779609933.0
2020-11-05,16787779609933.0
2020-11-06,16787779609933.0
2020-11-07,16787779609933.0
2020-11-08,16787779609933.0
2020-11-09,16787779609933.0
2020-11-10,16787779609933.0
2020-11-11,16787779609933.0
2020-11-12,16787779609933.0
2020-11-13,16787779609933.0
2020-11-14,16787779609933.0
2020-11-15,16787779609933.0
2020-11-16,17040598812944.877
2020-11-17,17596801059571.0
2020-11-18,17596801059571.0
2020-11-19,17596801059571.0
2020-11-20,17596801059571.0
2020-11-21,17596801059571.0
2020-11-22,17596801059571.0
2020-11-23,17596801059571.0
2020-11-24,17596801059571.0
2020-11-25,17596801059571.0
2020-11-26,17596801059571.0
2020-11-27,17596801059571.0
2020-11-28,17596801059571.0
2020-11-29,18158528379021.04
2020-11-30,19157154724710.0
2020-12-01,19157154724710.0
2020-12-02,19157154724710.0
2020-12-03,19157154724710.0
2020-12-04,19157154724710.0
2020-12-05,19157154724710.0
2020-12-06,19157154724710.0
2020-12-07,19157154724710.0
2020-12-08,19157154724710.0
2020-12-09,19157154724710.0
2020-12-10,19157154724710.0
2020-12-11,19157154724710.0
2020-12-12,19157154724710.0
2020-12-13,19144667899932.82
2020-12-14,18670168558400.0
2020-12-15,18670168558400.0
2020-12-16,18670168558400.0
2020-12-17,18670168558400.0
2020-12-18,18670168558400.0
2020-12-19,18670168558400.0
2020-12-20,18670168558400.0
2020-12-21,18670168558400.0
2020-12-22,18670168558400.0
2020-12-23,18670168558400.0
2020-12-24,18670168558400.0
2020-12-25,18670168558400.0
2020-12-26,18670168558400.0
2020-12-27,18670168558400.0
2020-12-28,18600034145237.133
2020-12-29,18599593048299.0
2020-12-30,18599593048299.0
2020-12-31,18599593048299.0
2021-01-01,18599593048299.0
2021-01-02,18599593048299.0
2021-01-03,18599593048299.0
2021-01-04,18599593048299.0
2021-01-05,18599593048299.0
2021-01-06,18599593048299.0
2021-01-07,18599593048299.0
2021-01-08,18599593048299.0
2021-01-09,19365166707094.76
2021-01-10,20607418304386.0
2021-01-11,20607418304386.0
2021-01-12,20607418304386.0
2021-01-13,20607418304386.0
2021-01-14,20607418304386.0
2021-01-15,20607418304386.0
2021-01-16,20607418304386.0
2021-01-17,20607418304386.0
2021-01-18,20607418304386.0
2021-01-19,20607418304386.0
2021-01-20,20607418304386.0
2021-01-21,20607418304386.0
2021-01-22,20607418304386.0
2021-01-23,20737086011821.6
2021-01-24,20823531150112.0
2021-01-25,20823531150112.0
2021-01-26,20823531150112.0
2021-01-27,20823531150112.0
2021-01-28,20823531150112.0
2021-01-29,20823531150112.0
2021-01-30,20823531150112.0
2021-01-31,20823531150112.0
2021-02-01,20823531150112.0
2021-02-02,20823531150112.0
2021-02-03,20823531150112.0
2021-02-04,20823531150112.0
2021-02-05,20823531150112.0
2021-02-06,21384451039675.535
2021-02-07,21434395961349.0
2021-02-08,21434395961349.0
2021-02-09,21434395961349.0
2021-02-10,21434395961349.0
2021-02-11,21434395961349.0
2021-02-12,21434395961349.0
2021-02-13,21434395961349.0
2021-02-14,21434395961349.0
2021-02-15,21434395961349.0
2021-02-16,21434395961349.0
2021-02-17,21434395961349.0
2021-02-18,21434395961349.0
2021-02-19,21455226865438.4
2021-02-20,21724134900047.0
2021-02-21,21724134900047.0
2021-02-22,21724134900047.0
2021-02-23,21724134900047.0
2021-02-24,21724134900047.0
2021-02-25,21724134900047.0
2021-02-26,21724134900047.0
2021-02-27,21724134900047.0
2021-02-28,21724134900047.0
2021-03-01,21724134900047.0
2021-03-02,21724134900047.0
2021-03-03,21724134900047.0
2021-03-04,21724134900047.0
2021-03-05,21724134900047.0
2021-03-06,21473685655440.383
2021-03-07,21448277761060.0
2021-03-08,21448277761060.0
2021-03-09,21448277761060.0
2021-03-10,21448277761060.0
2021-03-11,21448277761060.0
2021-03-12,21448277761060.0
2021-03-13,21448277761060.0
2021-03-14,21448277761060.0
2021-03-15,21448277761060.0
2021-03-16,21448277761060.0
2021-03-17,21448277761060.0
2021-03-18,21448277761060.0
2021-03-19,21524403218194.305
2021-03-20,21865558044611.0
2021-03-21,21865558044611.0
2021-03-22,21865558044611.0
2021-03-23,21865558044611.0
2021-03-24,21865558044611.0
2021-03-25,21865558044611.0
2021-03-26,21865558044611.0
2021-03-27,21865558044611.0
2021-03-28,21865558044611.0
2021-03-29,21865558044611.0
2021-03-30,21865558044611.0
2021-03-31,21865558044611.0
2021-04-01,21865558044611.0
2021-04-02,23064760716651.37
2021-04-03,23137439666472.0
2021-04-04,23137439666472.0
2021-04-05,23137439666472.0
2021-04-06,23137439666472.0
2021-04-07,23137439666472.0
2021-04-08,23137439666472.0
2021-04-09,23137439666472.0
2021-04-10,23137439666472.0
2021-04-11,23137439666472.0
2021-04-12,23137439666472.0
2021-04-13,23137439666472.0
2021-04-14,23137439666472.0
2021-04-15,23217560568175.21
2021-04-16,23581981443664.0
2021-04-17,23581981443664.0
2021-04-18,23581981443664.0
2021-04-19,23581981443664.0
2021-04-20,23581981443664.0
2021-04-21,23581981443664.0
2021-04-22,23581981443664.0
2021-04-23,23581981443664.0
2021-04-24,23581981443664.0
2021-04-25,23581981443664.0
2021-04-26,23581981443664.0
2021-04-27,23581981443664.0
2021-04-28,23581981443664.0
2021-04-29,23581981443664.0
2021-04-30,23581981443664.0
2021-05-01,23004465874892.836
2021-05-02,20608845737768.0
2021-05-03,20608845737768.0
2021-05-04,20608845737768.0
2021-05-05,20608845737768.0
2021-05-06,20608845737768.0
2021-05-07,20608845737768.0
2021-05-08,20608845737768.0
2021-05-09,20608845737768.0
2021-05-10,20608845737768.0
2021-05-11,20608845737768.0
2021-05-12,20608845737768.0
2021-05-13,23227330060562.566
2021-05-14,25046487590083.0
2021-05-15,25046487590083.0
2021-05-16,25046487590083.0
2021-05-17,25046487590083.0
2021-05-18,25046487590083.0
2021-05-19,25046487590083.0
2021-05-20,25046487590083.0
2021-05-21,25046487590083.0
2021-05-22,25046487590083.0
2021-05-23,25046487590083.0
2021-05-24,25046487590083.0
2021-05-25,25046487590083.0
2021-05-26,25046487590083.0
2021-05-27,25046487590083.0
2021-05-28,25046487590083.0
2021-05-29,25046487590083.0
2021-05-30,21214345448186.625
2021-05-31,21047730572452.0
2021-06-01,21047730572452.0
2021-06-02,21047730572452.0
2021-06-03,21047730572452.0
2021-06-04,21047730572452.0
2021-06-05,21047730572452.0
2021-06-06,21047730572452.0
2021-06-07,21047730572452.0
2021-06-08,21047730572452.0
2021-06-09,21047730572452.0
2021-06-10,21047730572452.0
2021-06-11,21047730572452.0
2021-06-12,21047730572452.0
2021-06-13,20836567779802.566
2021-06-14,19932791027263.0
2021-06-15,19932791027263.0
2021-06-16,19932791027263.0
2021-06-17,19932791027263.0
2021-06-18,19932791027263.0
2021-06-19,19932791027263.0
2021-06-20,19932791027263.0
2021-06-21,19932791027263.0
2021-06-22,19932791027263.0
2021-06-23,19932791027263.0
2021-06-24,19932791027263.0
2021-06-25,19932791027263.0
2021-06-26,19932791027263.0
2021-06-27,19932791027263.0
2021-06-28,19932791027263.0
2021-06-29,19932791027263.0
2021-06-30,19932791027263.0
2021-07-01,19932791027263.0
2021-07-02,19932791027263.0
2021-07-03,15634861856766.195
2021-07-04,14363025673660.0
2021-07-05,14363025673660.0
2021-07-06,14363025673660.0
2021-07-07,14363025673660.0
2021-07-08,14363025673660.0
2021-07-09,14363025673660.0
2021-07-10,14363025673660.0
2021-07-11,14363025673660.0
2021-07-12,14363025673660.0
2021-07-13,14363025673660.0
2021-07-14,14363025673660.0
2021-07-15,14363025673660.0
2021-07-16,14363025673660.0
2021-07-17,14348541098817.076
2021-07-18,13672594272814.0
2021-07-19,13672594272814.0
2021-07-20,13672594272814.0
2021-07-21,13672594272814.0
2021-07-22,13672594272814.0
2021-07-23,13672594272814.0
2021-07-24,13672594272814.0
2021-07-25,13672594272814.0
2021-07-26,13672594272814.0
2021-07-27,13672594272814.0
2021-07-28,13672594272814.0
2021-07-29,13672594272814.0
2021-07-30,13672594272814.0
2021-07-31,14319158983942.734
2021-08-01,14496442856349.0
2021-08-02,14496442856349.0
2021-08-03,14496442856349.0
2021-08-04,14496442856349.0
2021-08-05,14496442856349.0
2021-08-06,14496442856349.0
2021-08-07,14496442856349.0
2021-08-08,14496442856349.0
2021-08-09,14496442856349.0
2021-08-10,14496442856349.0
2021-08-11,14496442856349.0
2021-08-12,14496442856349.0
2021-08-13,15324761487407.408
2021-08-14,15556093717703.0
2021-08-15,15556093717703.0
2021-08-16,15556093717703.0
2021-08-17,15556093717703.0
2021-08-18,15556093717703.0
2021-08-19,15556093717703.0
2021-08-20,15556093717703.0
2021-08-21,15556093717703.0
2021-08-22,15556093717703.0
2021-08-23,15556093717703.0
2021-08-24,15556093717703.0
2021-08-25,16431142929372.8
2021-08-26,17615033039279.0
2021-08-27,17615033039279.0
2021-08-28,17615033039279.0
2021-08-29,17615033039279.0
2021-08-30,17615033039279.0
2021-08-31,17615033039279.0
2021-09-01,17615033039279.0
2021-09-02,17615033039279.0
2021-09-03,17615033039279.0
2021-09-04,17615033039279.0
2021-09-05,17615033039279.0
2021-09-06,17615033039279.0
2021-09-07,17615033039279.0
2021-09-08,18403887482923.09
2021-09-09,18415156832118.0
2021-09-10,18415156832118.0
2021-09-11,18415156832118.0
2021-09-12,18415156832118.0
2021-09-13,18415156832118.0
2021-09-14,18415156832118.0
2021-09-15,18415156832118.0
2021-09-16,18415156832118.0
2021-09-17,18415156832118.0
2021-09-18,18415156832118.0
2021-09-19,18415156832118.0
2021-09-20,18415156832118.0
2021-09-21,18632996500113.82
2021-09-22,18997641161759.0
2021-09-23,18997641161759.0
2021-09-24,18997641161759.0
2021-09-25,18997641161759.0
2021-09-26,18997641161759.0
2021-09-27,18997641161759.0
2021-09-28,18997641161759.0
2021-09-29,18997641161759.0
2021-09-30,18997641161759.0
2021-10-01,18997641161759.0
2021-10-02,18997641161759.0
2021-10-03,18997641161759.0
2021-10-04,19009120698769.46
2021-10-05,19893045048575.0
2021-10-06,19893045048575.0
2021-10-07,19893045048575.0
2021-10-08,19893045048575.0
2021-10-09,19893045048575.0
2021-10-10,19893045048575.0
2021-10-11,19893045048575.0
2021-10-12,19893045048575.0
2021-10-13,19893045048575.0
2021-10-14,19893045048575.0
2021-10-15,19893045048575.0
2021-10-16,19893045048575.0
2021-10-17,19893045048575.0
2021-10-18,19917361849675.434
2021-10-19,20082460130831.0
2021-10-20,20082460130831.0
2021-10-21,20082460130831.0
2021-10-22,20082460130831.0
2021-10-23,20082460130831.0
2021-10-24,20082460130831.0
2021-10-25,20082460130831.0
2021-10-26,20082460130831.0
2021-10-27,20082460130831.0
2021-10-28,20082460130831.0
2021-10-29,20082460130831.0
2021-10-30,20082460130831.0
2021-10-31,20286661027549.07
2021-11-01,21659344833265.0
2021-11-02,21659344833265.0
2021-11-03,21659344833265.0
2021-11-04,21659344833265.0
2021-11-05,21659344833265.0
2021-11-06,21659344833265.0
2021-11-07,21659344833265.0
2021-11-08,21659344833265.0
2021-11-09,21659344833265.0
2021-11-10,21659344833265.0
2021-11-11,21659344833265.0
2021-11-12,21659344833265.0
2021-11-13,21659344833265.0
2021-11-14,22434990744236.72
2021-11-15,22674148233453.0
2021-11-16,22674148233453.0
2021-11-17,22674148233453.0
2021-11-18,22674148233453.0
2021-11-19,22674148233453.0
2021-11-20,22674148233453.0
2021-11-21,22674148233453.0
2021-11-22,22674148233453.0
2021-11-23,22674148233453.0
2021-11-24,22674148233453.0
2021-11-25,22674148233453.0
2021-11-26,22674148233453.0
2021-11-27,22674148233453.0
2021-11-28,22464723406485.65
2021-11-29,22335659268936.0
2021-11-30,22335659268936.0
2021-12-01,22335659268936.0
2021-12-02,22335659268936.0
2021-12-03,22335659268936.0
2021-12-04,22335659268936.0
2021-12-05,22335659268936.0
2021-12-06,22335659268936.0
2021-12-07,22335659268936.0
2021-12-08,22335659268936.0
2021-12-09,22335659268936.0
2021-12-10,22335659268936.0
2021-12-11,23468677477375.574
2021-12-12,24195286980614.0
2021-12-13,24195286980614.0
2021-12-14,24195286980614.0
2021-12-15,24195286980614.0
2021-12-16,24195286980614.0
2021-12-17,24195286980614.0
2021-12-18,24195286980614.0
2021-12-19,24195286980614.0
2021-12-20,24195286980614.0
2021-12-21,24195286980614.0
2021-12-22,24195286980614.0
2021-12-23,24195286980614.0
2021-12-24,24195286980614.0
2021-12-25,24242457398797.266
2021-12-26,24272331996980.0
2021-12-27,24272331996980.0
2021-12-28,24272331996980.0
2021-12-29,24272331996980.0
2021-12-30,24272331996980.0
2021-12-31,24272331996980.0
2022-01-01,24272331996980.0
2022-01-02,24272331996980.0
2022-01-03,24272331996980.0
2022-01-04,24272331996980.0
2022-01-05,24272331996980.0
2022-01-06,24272331996980.0
2022-01-07,24272331996980.0
2022-01-08,24341458814595.277
2022-01-09,24371874614346.0
2022-01-10,24371874614346.0
2022-01-11,24371874614346.0
2022-01-12,24371874614346.0
2022-01-13,24371874614346.0
2022-01-14,24371874614346.0
2022-01-15,24371874614346.0
2022-01-16,24371874614346.0
2022-01-17,24371874614346.0
2022-01-18,24371874614346.0
2022-01-19,24371874614346.0
2022-01-20,24371874614346.0
2022-01-21,26338083826987.223
2022-01-22,26643185256535.0
2022-01-23,26643185256535.0
2022-01-24,26643185256535.0
2022-01-25,26643185256535.0
2022-01-26,26643185256535.0
2022-01-27,26643185256535.0
2022-01-28,26643185256535.0
2022-01-29,26643185256535.0
2022-01-30,26643185256535.0
2022-01-31,26643185256535.0
2022-02-01,26643185256535.0
2022-02-02,26643185256535.0
2022-02-03,26643185256535.0
2022-02-04,26684698822068.03
2022-02-05,26690525287406.0
2022-02-06,26690525287406.0
2022-02-07,26690525287406.0
2022-02-08,26690525287406.0
2022-02-09,26690525287406.0
2022-02-10,26690525287406.0
2022-02-11,26690525287406.0
2022-02-12,26690525287406.0
2022-02-13,26690525287406.0
2022-02-14,26690525287406.0
2022-02-15,26690525287406.0
2022-02-16,26690525287406.0
2022-02-17,27324773218056.85
2022-02-18,27967152532434.0
2022-02-19,27967152532434.0
2022-02-20,27967152532434.0
2022-02-21,27967152532434.0
2022-02-22,27967152532434.0
2022-02-23,27967152532434.0
2022-02-24,27967152532434.0
2022-02-25,27967152532434.0
2022-02-26,27967152532434.0
2022-02-27,27967152532434.0
2022-02-28,27967152532434.0
2022-03-01,27967152532434.0
2022-03-02,27967152532434.0
2022-03-03,27851682002895.555
2022-03-04,27550332084344.0
2022-03-05,27550332084344.0
2022-03-06,27550332084344.0
2022-03-07,27550332084344.0
2022-03-08,27550332084344.0
2022-03-09,27550332084344.0
2022-03-10,27550332084344.0
2022-03-11,27550332084344.0
2022-03-12,27550332084344.0
2022-03-13,27550332084344.0
2022-03-14,27550332084344.0
2022-03-15,27550332084344.0
2022-03-16,27550332084344.0
2022-03-17,27520860571022.34
2022-03-18,27452707696466.0
2022-03-19,27452707696466.0
2022-03-20,27452707696466.0
2022-03-21,27452707696466.0
2022-03-22,27452707696466.0
2022-03-23,27452707696466.0
2022-03-24,27452707696466.0
2022-03-25,27452707696466.0
2022-03-26,27452707696466.0
2022-03-27,27452707696466.0
2022-03-28,27452707696466.0
2022-03-29,27452707696466.0
2022-03-30,27452707696466.0
2022-03-31,28315874718216.324
2022-04-01,28587155782195.0
2022-04-02,28587155782195.0
2022-04-03,28587155782195.0
2022-04-04,28587155782195.0
2022-04-05,28587155782195.0
2022-04-06,28587155782195.0
2022-04-07,28587155782195.0
2022-04-08,28587155782195.0
2022-04-09,28587155782195.0
2022-04-10,28587155782195.0
2022-04-11,28587155782195.0
2022-04-12,28587155782195.0
2022-04-13,28587155782195.0
2022-04-14,28351572544596.74
2022-04-15,28225928151211.0
2022-04-16,28225928151211.0
2022-04-17,28225928151211.0
2022-04-18,28225928151211.0
2022-04-19,28225928151211.0
2022-04-20,28225928151211.0
2022-04-21,28225928151211.0
2022-04-22,28225928151211.0
2022-04-23,28225928151211.0
2022-04-24,28225928151211.0
2022-04-25,28225928151211.0
2022-04-26,28225928151211.0
2022-04-27,28770282779728.406
2022-04-28,29794407589312.0
2022-04-29,29794407589312.0
2022-04-30,29794407589312.0
2022-05-01,29794407589312.0
2022-05-02,29794407589312.0
2022-05-03,29794407589312.0
2022-05-04,29794407589312.0
2022-05-05,29794407589312.0
2022-05-06,29794407589312.0
2022-05-07,29794407589312.0
2022-05-08,29794407589312.0
2022-05-09,29794407589312.0
2022-05-10,29822970212378.65
2022-05-11,31251101365711.0
2022-05-12,31251101365711.0
2022-05-13,31251101365711.0
2022-05-14,31251101365711.0
2022-05-15,31251101365711.0
2022-05-16,31251101365711.0
2022-05-17,31251101365711.0
2022-05-18,31251101365711.0
2022-05-19,31251101365711.0
2022-05-20,31251101365711.0
2022-05-21,31251101365711.0
2022-05-22,31251101365711.0
2022-05-23,31251101365711.0
2022-05-24,31251101365711.0
2022-05-25,30705864440302.207
2022-05-26,29897409688834.0
2022-05-27,29897409688834.0
2022-05-28,29897409688834.0
2022-05-29,29897409688834.0
2022-05-30,29897409688834.0
2022-05-31,29897409688834.0
2022-06-01,29897409688834.0
2022-06-02,29897409688834.0
2022-06-03,29897409688834.0
2022-06-04,29897409688834.0
2022-06-05,29897409688834.0
2022-06-06,29897409688834.0
2022-06-07,29897409688834.0
2022-06-08,30107694713067.656
2022-06-09,30283293547737.0
2022-06-10,30283293547737.0
2022-06-11,30283293547737.0
2022-06-12,30283293547737.0
2022-06-13,30283293547737.0
2022-06-14,30283293547737.0
2022-06-15,30283293547737.0
2022-06-16,30283293547737.0
2022-06-17,30283293547737.0
2022-06-18,30283293547737.0
2022-06-19,30283293547737.0
2022-06-20,30283293547737.0
2022-06-21,30283293547737.0
2022-06-22,30139562945443.56
2022-06-23,29570168636358.0
2022-06-24,29570168636358.0
2022-06-25,29570168636358.0
2022-06-26,29570168636358.0
2022-06-27,29570168636358.0
2022-06-28,29570168636358.0
2022-06-29,29570168636358.0
2022-06-30,29570168636358.0
2022-07-01,29570168636358.0
2022-07-02,29570168636358.0
2022-07-03,29570168636358.0
2022-07-04,29570168636358.0
2022-07-05,29570168636358.0
2022-07-06,29570168636358.0
2022-07-07,29155457214820.32
2022-07-08,29152798808272.0
2022-07-09,29152798808272.0
2022-07-10,29152798808272.0
2022-07-11,29152798808272.0
2022-07-12,29152798808272.0
2022-07-13,29152798808272.0
2022-07-14,29152798808272.0
2022-07-15,29152798808272.0
2022-07-16,29152798808272.0
2022-07-17,29152798808272.0
2022-07-18,29152798808272.0
2022-07-19,29152798808272.0
2022-07-20,29152798808272.0
2022-07-21,28827135813162.805
2022-07-22,27692567959234.0
2022-07-23,27692567959234.0
2022-07-24,27692567959234.0
2022-07-25,27692567959234.0
2022-07-26,27692567959234.0
2022-07-27,27692567959234.0
2022-07-28,27692567959234.0
2022-07-29,27692567959234.0
2022-07-30,27692567959234.0
2022-07-31,27692567959234.0
2022-08-01,27692567959234.0
2022-08-02,27692567959234.0
2022-08-03,27692567959234.0
2022-08-04,27915356836850.324
2022-08-05,28174668481289.0
2022-08-06,28174668481289.0
2022-08-07,28174668481289.0
2022-08-08,28174668481289.0
2022-08-09,28174668481289.0
2022-08-10,28174668481289.0
2022-08-11,28174668481289.0
2022-08-12,28174668481289.0
2022-08-13,28174668481289.0
2022-08-14,28174668481289.0
2022-08-15,28174668481289.0
2022-08-16,28174668481289.0
2022-08-17,28174668481289.0
2022-08-18,28275424991711.293
2022-08-19,28351606743494.0
2022-08-20,28351606743494.0
2022-08-21,28351606743494.0
2022-08-22,28351606743494.0
2022-08-23,28351606743494.0
2022-08-24,28351606743494.0
2022-08-25,28351606743494.0
2022-08-26,28351606743494.0
2022-08-27,28351606743494.0
2022-08-28,28351606743494.0
2022-08-29,28351606743494.0
2022-08-30,28351606743494.0
2022-08-31,30293716756044.19
2022-09-01,30977051760460.0
2022-09-02,30977051760460.0
2022-09-03,30977051760460.0
2022-09-04,30977051760460.0
2022-09-05,30977051760460.0
2022-09-06,30977051760460.0
2022-09-07,30977051760460.0
2022-09-08,30977051760460.0
2022-09-09,30977051760460.0
2022-09-10,30977051760460.0
2022-09-11,30977051760460.0
2022-09-12,30977051760460.0
2022-09-13,31125211237044.062
2022-09-14,32045359565303.0
2022-09-15,32045359565303.0
2022-09-16,32045359565303.0
2022-09-17,32045359565303.0
2022-09-18,32045359565303.0
2022-09-19,32045359565303.0
2022-09-20,32045359565303.0
2022-09-21,32045359565303.0
2022-09-22,32045359565303.0
2022-09-23,32045359565303.0
2022-09-24,32045359565303.0
2022-09-25,32045359565303.0
2022-09-26,32045359565303.0
2022-09-27,32045359565303.0
2022-09-28,31419898493798.69
2022-09-29,31360548173145.0
2022-09-30,31360548173145.0
2022-10-01,31360548173145.0
2022-10-02,31360548173145.0
2022-10-03,31360548173145.0
2022-10-04,31360548173145.0
2022-10-05,31360548173145.0
2022-10-06,31360548173145.0
2022-10-07,31360548173145.0
2022-10-08,31360548173145.0
2022-10-09,31360548173145.0
2022-10-10,33738662001569.633
2022-10-11,35610794164372.0
2022-10-12,35610794164372.0
2022-10-13,35610794164372.0
2022-10-14,35610794164372.0
2022-10-15,35610794164372.0
2022-10-16,35610794164372.0
2022-10-17,35610794164372.0
2022-10-18,35610794164372.0
2022-10-19,35610794164372.0
2022-10-20,35610794164372.0
2022-10-21,35610794164372.0
2022-10-22,35610794164372.0
2022-10-23,35626599175758.016
2022-10-24,36835682546788.0
2022-10-25,36835682546788.0
2022-10-26,36835682546788.0
2022-10-27,36835682546788.0
2022-10-28,36835682546788.0
2022-10-29,36835682546788.0
2022-10-30,36835682546788.0
2022-10-31,36835682546788.0
2022-11-01,36835682546788.0
2022-11-02,36835682546788.0
2022-11-03,36835682546788.0
2022-11-04,36835682546788.0
2022-11-05,36835682546788.0
2022-11-06,36835682546788.0
2022-11-07,36766791551487.06
2022-11-08,36762198818467.0
2022-11-09,36762198818467.0
2022-11-10,36762198818467.0
2022-11-11,36762198818467.0
2022-11-12,36762198818467.0
2022-11-13,36762198818467.0
2022-11-14,36762198818467.0
2022-11-15,36762198818467.0
2022-11-16,36762198818467.0
2022-11-17,36762198818467.0
2022-11-18,36762198818467.0
2022-11-19,36762198818467.0
2022-11-20,36773572356982.41
2022-11-21,36950494067222.0
2022-11-22,36950494067222.0
2022-11-23,36950494067222.0
2022-11-24,36950494067222.0
2022-11-25,36950494067222.0
2022-11-26,36950494067222.0
2022-11-27,36950494067222.0
2022-11-28,36950494067222.0
2022-11-29,36950494067222.0
2022-11-30,36950494067222.0
2022-12-01,36950494067222.0
2022-12-02,36950494067222.0
2022-12-03,36950494067222.0
2022-12-04,36950494067222.0
2022-12-05,36950494067222.0
2022-12-06,34464833739061.23
2022-12-07,34244331613176.0
2022-12-08,34244331613176.0
2022-12-09,34244331613176.0
2022-12-10,34244331613176.0
2022-12-11,34244331613176.0
2022-12-12,34244331613176.0
2022-12-13,34244331613176.0
2022-12-14,34244331613176.0
2022-12-15,34244331613176.0
2022-12-16,34244331613176.0
2022-12-17,34244331613176.0
2022-12-18,34244331613176.0
2022-12-19,34606598588472.793
2022-12-20,35364065900457.0
2022-12-21,35364065900457.0
2022-12-22,35364065900457.0
2022-12-23,35364065900457.0
2022-12-24,35364065900457.0
2022-12-25,35364065900457.0
2022-12-26,35364065900457.0
2022-12-27,35364065900457.0
2022-12-28,35364065900457.0
2022-12-29,35364065900457.0
2022-12-30,35364065900457.0
2022-12-31,35364065900457.0
2023-01-01,35364065900457.0
2023-01-02,35364065900457.0
2023-01-03,34209069922954.273
2023-01-04,34093570325204.0
2023-01-05,34093570325204.0
2023-01-06,34093570325204.0
2023-01-07,34093570325204.0
2023-01-08,34093570325204.0
2023-01-09,34093570325204.0
2023-01-10,34093570325204.0
2023-01-11,34093570325204.0
2023-01-12,34093570325204.0
2023-01-13,34093570325204.0
2023-01-14,34093570325204.0
2023-01-15,34586995580398.72
2023-01-16,37590453655497.0
2023-01-17,37590453655497.0
2023-01-18,37590453655497.0
2023-01-19,37590453655497.0
2023-01-20,37590453655497.0
2023-01-21,37590453655497.0
2023-01-22,37590453655497.0
2023-01-23,37590453655497.0
2023-01-24,37590453655497.0
2023-01-25,37590453655497.0
2023-01-26,37590453655497.0
2023-01-27,37590453655497.0
2023-01-28,37590453655497.0
2023-01-29,38858880377385.3
2023-01-30,39350942467773.0
2023-01-31,39350942467773.0
2023-02-01,39350942467773.0
2023-02-02,39350942467773.0
2023-02-03,39350942467773.0
2023-02-04,39350942467773.0
2023-02-05,39350942467773.0
2023-02-06,39350942467773.0
2023-02-07,39350942467773.0
2023-02-08,39350942467773.0
2023-02-09,39350942467773.0
2023-02-10,39350942467773.0
2023-02-11,39350942467773.0
2023-02-12,39226483659863.44
2023-02-13,39156400059293.0
2023-02-14,39156400059293.0
2023-02-15,39156400059293.0
2023-02-16,39156400059293.0
2023-02-17,39156400059293.0
2023-02-18,39156400059293.0
2023-02-19,39156400059293.0
2023-02-20,39156400059293.0
2023-02-21,39156400059293.0
2023-02-22,39156400059293.0
2023-02-23,39156400059293.0
2023-02-24,39156400059293.0
2023-02-25,42835295924696.13
2023-02-26,43053844193928.0
2023-02-27,43053844193928.0
2023-02-28,43053844193928.0
2023-03-01,43053844193928.0
2023-03-02,43053844193928.0
2023-03-03,43053844193928.0
2023-03-04,43053844193928.0
2023-03-05,43053844193928.0
2023-03-06,43053844193928.0
2023-03-07,43053844193928.0
2023-03-08,43053844193928.0
2023-03-09,43053844193928.0
2023-03-10,43127061549760.65
2023-03-11,43551722213590.0
2023-03-12,43551722213590.0
2023-03-13,43551722213590.0
2023-03-14,43551722213590.0
2023-03-15,43551722213590.0
2023-03-16,43551722213590.0
2023-03-17,43551722213590.0
2023-03-18,43551722213590.0
2023-03-19,43551722213590.0
2023-03-20,43551722213590.0
2023-03-21,43551722213590.0
2023-03-22,43551722213590.0
2023-03-23,43767569956061.28
2023-03-24,46843400286277.0
2023-03-25,46843400286277.0
2023-03-26,46843400286277.0
2023-03-27,46843400286277.0
2023-03-28,46843400286277.0
2023-03-29,46843400286277.0
2023-03-30,46843400286277.0
2023-03-31,46843400286277.0
2023-04-01,46843400286277.0
2023-04-02,46843400286277.0
2023-04-03,46843400286277.0
2023-04-04,46843400286277.0
2023-04-05,46843400286277.0
2023-04-06,47189345878587.8
2023-04-07,47887764338536.0
2023-04-08,47887764338536.0
2023-04-09,47887764338536.0
2023-04-10,47887764338536.0
2023-04-11,47887764338536.0
2023-04-12,47887764338536.0
2023-04-13,47887764338536.0
2023-04-14,47887764338536.0
2023-04-15,47887764338536.0
2023-04-16,47887764338536.0
2023-04-17,47887764338536.0
2023-04-18,47887764338536.0
2023-04-19,47887764338536.0
2023-04-20,48296984989381.2
2023-04-21,48712405953118.0
2023-04-22,48712405953118.0
2023-04-23,48712405953118.0
2023-04-24,48712405953118.0
2023-04-25,48712405953118.0
2023-04-26,48712405953118.0
2023-04-27,48712405953118.0
2023-04-28,48712405953118.0
2023-04-29,48712405953118.0
2023-04-30,48712405953118.0
2023-05-01,48712405953118.0
2023-05-02,48712405953118.0
2023-05-03,48712405953118.0
2023-05-04,48484851384225.305
2023-05-05,48005534313579.0
2023-05-06,48005534313579.0
2023-05-07,48005534313579.0
2023-05-08,48005534313579.0
2023-05-09,48005534313579.0
2023-05-10,48005534313579.0
2023-05-11,48005534313579.0
2023-05-12,48005534313579.0
2023-05-13,48005534313579.0
2023-05-14,48005534313579.0
2023-05-15,48005534313579.0
2023-05-16,48005534313579.0
2023-05-17,48005534313579.0
2023-05-18,49188301954866.32
2023-05-19,49549703178593.0
2023-05-20,49549703178593.0
2023-05-21,49549703178593.0
2023-05-22,49549703178593.0
2023-05-23,49549703178593.0
2023-05-24,49549703178593.0
2023-05-25,49549703178593.0
2023-05-26,49549703178593.0
2023-05-27,49549703178593.0
2023-05-28,49549703178593.0
2023-05-29,49549703178593.0
2023-05-30,49549703178593.0
2023-05-31,49896188532214.63
2023-06-01,51234338863443.0
2023-06-02,51234338863443.0
2023-06-03,51234338863443.0
2023-06-04,51234338863443.0
2023-06-05,51234338863443.0
2023-06-06,51234338863443.0
2023-06-07,51234338863443.0
2023-06-08,51234338863443.0
2023-06-09,51234338863443.0
2023-06-10,51234338863443.0
2023-06-11,51234338863443.0
2023-06-12,51234338863443.0
2023-06-13,51234338863443.0
2023-06-14,51935360722908.66
2023-06-15,52350439455487.0
2023-06-16,52350439455487.0
2023-06-17,52350439455487.0
2023-06-18,52350439455487.0
2023-06-19,52350439455487.0
2023-06-20,52350439455487.0
2023-06-21,52350439455487.0
2023-06-22,52350439455487.0
2023-06-23,52350439455487.0
2023-06-24,52350439455487.0
2023-06-25,52350439455487.0
2023-06-26,52350439455487.0
2023-06-27,52350439455487.0
2023-06-28,52255759843018.72
2023-06-29,50646206431058.0
2023-06-30,50646206431058.0
2023-07-01,50646206431058.0
2023-07-02,50646206431058.0
2023-07-03,50646206431058.0
2023-07-04,50646206431058.0
2023-07-05,50646206431058.0
2023-07-06,50646206431058.0
2023-07-07,50646206431058.0
2023-07-08,50646206431058.0
2023-07-09,50646206431058.0
2023-07-10,50646206431058.0
2023-07-11,50646206431058.0
2023-07-12,53503052179805.375
2023-07-13,53911173001055.0
2023-07-14,53911173001055.0
2023-07-15,53911173001055.0
2023-07-16,53911173001055.0
2023-07-17,53911173001055.0
2023-07-18,53911173001055.0
2023-07-19,53911173001055.0
2023-07-20,53911173001055.0
2023-07-21,53911173001055.0
2023-07-22,53911173001055.0
2023-07-23,53911173001055.0
2023-07-24,53911173001055.0
2023-07-25,53911173001055.0
2023-07-26,53251647610383.75
2023-07-27,52328312063444.0
2023-07-28,52328312063444.0
2023-07-29,52328312063444.0
2023-07-30,52328312063444.0
2023-07-31,52328312063444.0
2023-08-01,52328312063444.0
2023-08-02,52328312063444.0
2023-08-03,52328312063444.0
2023-08-04,52328312063444.0
2023-08-05,52328312063444.0
2023-08-06,52328312063444.0
2023-08-07,52328312063444.0
2023-08-08,52328312063444.0
2023-08-09,52358969387622.18
2023-08-10,52391178981379.0
2023-08-11,52391178981379.0
2023-08-12,52391178981379.0
2023-08-13,52391178981379.0
2023-08-14,52391178981379.0
2023-08-15,52391178981379.0
2023-08-16,52391178981379.0
2023-08-17,52391178981379.0
2023-08-18,52391178981379.0
2023-08-19,52391178981379.0
2023-08-20,52391178981379.0
2023-08-21,52391178981379.0
2023-08-22,53588410123873.43
2023-08-23,55621444139430.0
2023-08-24,55621444139430.0
2023-08-25,55621444139430.0
2023-08-26,55621444139430.0
2023-08-27,55621444139430.0
2023-08-28,55621444139430.0
2023-08-29,55621444139430.0
2023-08-30,55621444139430.0
2023-08-31,55621444139430.0
2023-09-01,55621444139430.0
2023-09-02,55621444139430.0
2023-09-03,55621444139430.0
2023-09-04,55621444139430.0
2023-09-05,55621444139430.0
2023-09-06,54302721812289.63
2023-09-07,54150142369480.0
2023-09-08,54150142369480.0
2023-09-09,54150142369480.0
2023-09-10,54150142369480.0
2023-09-11,54150142369480.0
2023-09-12,54150142369480.0
2023-09-13,54150142369480.0
2023-09-14,54150142369480.0
2023-09-15,54150142369480.0
2023-09-16,54150142369480.0
2023-09-17,54150142369480.0
2023-09-18,54150142369480.0
2023-09-19,55816608966185.68
2023-09-20,57119871304635.0
2023-09-21,57119871304635.0
2023-09-22,57119871304635.0
2023-09-23,57119871304635.0
2023-09-24,57119871304635.0
2023-09-25,57119871304635.0
2023-09-26,57119871304635.0
2023-09-27,57119871304635.0
2023-09-28,57119871304635.0
2023-09-29,57119871304635.0
2023-09-30,57119871304635.0
2023-10-01,57119871304635.0
2023-10-02,57119871304635.0
2023-10-03,57252656596459.91
2023-10-04,57321508229258.0
2023-10-05,57321508229258.0
2023-10-06,57321508229258.0
2023-10-07,57321508229258.0
2023-10-08,57321508229258.0
2023-10-09,57321508229258.0
2023-10-10,57321508229258.0
2023-10-11,57321508229258.0
2023-10-12,57321508229258.0
2023-10-13,57321508229258.0
2023-10-14,57321508229258.0
2023-10-15,57321508229258.0
2023-10-16,59373391582489.234
2023-10-17,61030681983176.0
2023-10-18,61030681983176.0
2023-10-19,61030681983176.0
2023-10-20,61030681983176.0
2023-10-21,61030681983176.0
2023-10-22,61030681983176.0
2023-10-23,61030681983176.0
2023-10-24,61030681983176.0
2023-10-25,61030681983176.0
2023-10-26,61030681983176.0
2023-10-27,61030681983176.0
2023-10-28,61030681983176.0
2023-10-29,61030681983176.0
2023-10-30,62224673386140.1
2023-10-31,62463471666732.93
2023-11-01,62463471666732.97
2023-11-02,62463471666733.0
2023-11-03,62463471666733.0
2023-11-04,62463471666732.86
2023-11-05,62463471666732.88
2023-11-06,62463471666733.0
2023-11-07,62463471666733.0
2023-11-08,62463471666732.97
2023-11-09,62463471666733.0
2023-11-10,62463471666732.94
2023-11-11,62463471666732.9
2023-11-12,63233946844737.766
2023-11-13,64678587803497.0
2023-11-14,64678587803497.0
2023-11-15,64678587803496.945
2023-11-16,64678587803496.945
2023-11-17,64678587803496.93
2023-11-18,64678587803496.94
2023-11-19,64678587803496.82
2023-11-20,64678587803496.84
2023-11-21,64678587803496.92
2023-11-22,64678587803496.984
2023-11-23,64678587803496.95
2023-11-24,64678587803496.83
2023-11-25,64678587803496.88
2023-11-26,67912869716769.22
2023-11-27,67957790298898.0
2023-11-28,67957790298898.0
2023-11-29,67957790298898.0
2023-11-30,67957790298898.0
2023-12-01,67957790298898.0
2023-12-02,67957790298898.0
2023-12-03,67957790298898.0
2023-12-04,67957790298898.0
2023-12-05,67957790298898.0
2023-12-06,67957790298898.0
2023-12-07,67957790298898.0
2023-12-08,67957790298898.0
2023-12-09,67957790298898.0
2023-12-10,67436283581404.43
2023-12-11,67305906902031.14
2023-12-12,67305906902031.055
2023-12-13,67305906902031.086
2023-12-14,67305906902031.07
2023-12-15,67305906902031.17
2023-12-16,67305906902031.1
2023-12-17,67305906902031.09
2023-12-18,67305906902031.19
2023-12-19,67305906902031.17
2023-12-20,67305906902031.06
2023-12-21,67305906902031.07
2023-12-22,67305906902031.19
2023-12-23,70449192118839.66
2023-12-24,72006146478567.25
2023-12-25,72006146478567.08
2023-12-26,72006146478567.08
2023-12-27,72006146478567.0
2023-12-28,72006146478567.0
2023-12-29,72006146478567.16
2023-12-30,72006146478567.12
2023-12-31,72006146478567.17
2024-01-01,72006146478567.17
2024-01-02,72006146478567.02
2024-01-03,72006146478567.19
2024-01-04,72006146478567.25
2024-01-05,72006146478567.08
2024-01-06,73146570446681.67
2024-01-07,73197634206448.0
2024-01-08,73197634206448.0
2024-01-09,73197634206448.0
2024-01-10,73197634206448.0
2024-01-11,73197634206448.0
2024-01-12,73197634206448.0
2024-01-13,73197634206448.0
2024-01-14,73197634206448.0
2024-01-15,73197634206448.0
2024-01-16,73197634206448.0
2024-01-17,73197634206448.0
2024-01-18,73197634206448.0
2024-01-19,73197634206448.0
2024-01-20,72219650984228.06
2024-01-21,70343519904867.086
2024-01-22,70343519904867.2
2024-01-23,70343519904867.17
2024-01-24,70343519904867.15
2024-01-25,70343519904867.29
2024-01-26,70343519904867.16
2024-01-27,70343519904867.25
2024-01-28,70343519904867.2
2024-01-29,70343519904867.18
2024-01-30,70343519904867.11
2024-01-31,70343519904867.02
2024-02-01,70343519904867.17
2024-02-02,72346611061723.23
2024-02-03,75502165623894.0
2024-02-04,75502165623894.0
2024-02-05,75502165623894.0
2024-02-06,75502165623894.0
2024-02-07,75502165623894.0
2024-02-08,75502165623894.0
2024-02-09,75502165623894.0
2024-02-10,75502165623894.0
2024-02-11,75502165623894.0
2024-02-12,75502165623894.0
2024-02-13,75502165623894.0
2024-02-14,75502165623894.0
2024-02-15,77563331090797.1
2024-02-16,81725299822043.17
2024-02-17,81725299822043.25
2024-02-18,81725299822043.08
2024-02-19,81725299822043.17
2024-02-20,81725299822043.2
2024-02-21,81725299822043.19
2024-02-22,81725299822043.17
2024-02-23,81725299822043.3
2024-02-24,81725299822043.19
2024-02-25,81725299822043.31
2024-02-26,81725299822043.16
2024-02-27,81725299822043.12
2024-02-28,81725299822043.25
2024-02-29,81725299822043.16
2024-03-01,79428308380841.48
2024-03-02,79351228131136.9
2024-03-03,79351228131136.75
2024-03-04,79351228131136.9
2024-03-05,79351228131136.69
2024-03-06,79351228131136.83
2024-03-07,79351228131136.64
2024-03-08,79351228131136.75
2024-03-09,79351228131136.72
2024-03-10,79351228131136.81
2024-03-11,79351228131136.69
2024-03-12,79351228131136.83
2024-03-13,79351228131136.72
2024-03-14,82709090260024.77
2024-03-15,83947913181362.0
2024-03-16,83947913181362.0
2024-03-17,83947913181362.0
2024-03-18,83947913181362.0
2024-03-19,83947913181362.0
2024-03-20,83947913181362.0
2024-03-21,83947913181362.0
2024-03-22,83947913181362.0
2024-03-23,83947913181362.0
2024-03-24,83947913181362.0
2024-03-25,83947913181362.0
2024-03-26,83947913181362.0
2024-03-27,83947913181362.0
2024-03-28,83467245353210.45
2024-03-29,83126997340024.75
2024-03-30,83126997340024.7
2024-03-31,83126997340024.78
2024-04-01,83126997340024.72
2024-04-02,83126997340024.73
2024-04-03,83126997340024.77
2024-04-04,83126997340024.78
2024-04-05,83126997340024.73
2024-04-06,83126997340024.7
2024-04-07,83126997340024.64
2024-04-08,83126997340024.69
2024-04-09,83126997340024.73
2024-04-10,83450993523979.81
2024-04-11,86388558925171.22
2024-04-12,86388558925171.23
2024-04-13,86388558925171.36
2024-04-14,86388558925171.34
2024-04-15,86388558925171.27
2024-04-16,86388558925171.38
2024-04-17,86388558925171.23
2024-04-18,86388558925171.28
2024-04-19,86388558925171.31
2024-04-20,86388558925171.2
2024-04-21,86388558925171.25
2024-04-22,86388558925171.31
2024-04-23,86388558925171.38
2024-04-24,87185497750595.1
2024-04-25,88104191118792.72
2024-04-26,88104191118792.78
2024-04-27,88104191118792.75
2024-04-28,88104191118792.75
2024-04-29,88104191118792.8
2024-04-30,88104191118792.73
2024-05-01,88104191118792.78
2024-05-02,88104191118792.72
2024-05-03,88104191118792.81
2024-05-04,88104191118792.73
2024-05-05,88104191118792.75
2024-05-06,88104191118792.86
2024-05-07,88104191118792.86
2024-05-08,88104191118792.81
2024-05-09,85164867739885.7
2024-05-10,83148355189240.0
2024-05-11,83148355189240.0
2024-05-12,83148355189240.0
2024-05-13,83148355189240.0
2024-05-14,83148355189240.0
2024-05-15,83148355189240.0
2024-05-16,83148355189240.0
2024-05-17,83148355189240.0
2024-05-18,83148355189240.0
2024-05-19,83148355189240.0
2024-05-20,83148355189240.0
2024-05-21,83148355189240.0
2024-05-22,83148355189240.0
2024-05-23,84060416283612.4
2024-05-24,84381461788831.33
2024-05-25,84381461788831.33
2024-05-26,84381461788831.36
2024-05-27,84381461788831.12
2024-05-28,84381461788831.19
2024-05-29,84381461788831.22
2024-05-30,84381461788831.12
2024-05-31,84381461788831.27
2024-06-01,84381461788831.23
2024-06-02,84381461788831.23
2024-06-03,84381461788831.31
2024-06-04,84381461788831.19
2024-06-05,84381461788831.12
2024-06-06,83931592439295.94
2024-06-07,83716654861184.77
2024-06-08,83716654861184.62
2024-06-09,83716654861184.7
2024-06-10,83716654861184.78
2024-06-11,83716654861184.88
2024-06-12,83716654861184.73
2024-06-13,83716654861184.75
2024-06-14,83716654861184.84
2024-06-15,83716654861184.81
2024-06-16,83716654861184.66
2024-06-17,83716654861184.77
2024-06-18,83716654861184.7
2024-06-19,83716654861184.78
2024-06-20,83691445854747.97
2024-06-21,83675262295060.0
2024-06-22,83675262295060.0
2024-06-23,83675262295060.0
2024-06-24,83675262295060.0
2024-06-25,83675262295060.0
2024-06-26,83675262295060.0
2024-06-27,83675262295060.0
2024-06-28,83675262295060.0
2024-06-29,83675262295060.0
2024-06-30,83675262295060.0
2024-07-01,83675262295060.0
2024-07-02,83675262295060.0
2024-07-03,83675262295060.0
2024-07-04,83675262295060.0
2024-07-05,80082477459597.12
2024-07-06,79495195323031.3
2024-07-07,79495195323031.17
2024-07-08,79495195323031.27
2024-07-09,79495195323031.25
2024-07-10,79495195323031.14
2024-07-11,79495195323031.17
2024-07-12,79495195323031.23
2024-07-13,79495195323031.25
2024-07-14,79495195323031.31
2024-07-15,79495195323031.23
2024-07-16,79495195323031.2
2024-07-17,79495195323031.27
2024-07-18,80326252623417.58
2024-07-19,82047728459932.77
2024-07-20,82047728459932.67
2024-07-21,82047728459932.66
2024-07-22,82047728459932.62
2024-07-23,82047728459932.66
2024-07-24,82047728459932.8
2024-07-25,82047728459932.69
2024-07-26,82047728459932.7
2024-07-27,82047728459932.73
2024-07-28,82047728459932.75
2024-07-29,82047728459932.62
2024-07-30,82047728459932.75
2024-07-31,87487947532070.14
2024-08-01,90666502495566.0
2024-08-02,90666502495566.0
2024-08-03,90666502495566.0
2024-08-04,90666502495566.0
2024-08-05,90666502495566.0
2024-08-06,90666502495566.0
2024-08-07,90666502495566.0
2024-08-08,90666502495566.0
2024-08-09,90666502495566.0
2024-08-10,90666502495566.0
2024-08-11,90666502495566.0
2024-08-12,90666502495566.0
2024-08-13,90666502495566.0
2024-08-14,90637752282067.48
2024-08-15,86871474313762.0
2024-08-16,86871474313762.0
2024-08-17,86871474313762.0
2024-08-18,86871474313762.0
2024-08-19,86871474313762.0
2024-08-20,86871474313762.0
2024-08-21,86871474313762.0
2024-08-22,86871474313762.0
2024-08-23,86871474313762.0
2024-08-24,86871474313762.0
2024-08-25,86871474313762.0
2024-08-26,86871474313762.0
2024-08-27,86871474313762.0
2024-08-28,87937390901164.8
2024-08-29,89471664776971.25
2024-08-30,89471664776971.3
2024-08-31,89471664776971.31
2024-09-01,89471664776971.3
2024-09-02,89471664776971.4
2024-09-03,89471664776971.33
2024-09-04,89471664776971.34
2024-09-05,89471664776971.36
2024-09-06,89471664776971.31
2024-09-07,89471664776971.36
2024-09-08,89471664776971.4
2024-09-09,89471664776971.31
2024-09-10,89471664776971.27
2024-09-11,92286401734175.08
2024-09-12,92671576265160.66
2024-09-13,92671576265160.8
2024-09-14,92671576265160.72
2024-09-15,92671576265160.66
2024-09-16,92671576265160.8
2024-09-17,92671576265160.69
2024-09-18,92671576265160.72
2024-09-19,92671576265160.8
2024-09-20,92671576265160.69
2024-09-21,92671576265160.72
2024-09-22,92671576265160.72
2024-09-23,92671576265160.69
2024-09-24,92671576265160.69
2024-09-25,91782581703877.36
2024-09-26,88404402371000.0
2024-09-27,88404402371000.0
2024-09-28,88404402371000.0
2024-09-29,88404402371000.0
2024-09-30,88404402371000.0
2024-10-01,88404402371000.0
2024-10-02,88404402371000.0
2024-10-03,88404402371000.0
2024-10-04,88404402371000.0
2024-10-05,88404402371000.0
2024-10-06,88404402371000.0
2024-10-07,88404402371000.0
2024-10-08,88404402371000.0
2024-10-09,91073716327740.78
2024-10-10,92049594548484.64
2024-10-11,92049594548484.72
2024-10-12,92049594548484.7
2024-10-13,92049594548484.72
2024-10-14,92049594548484.72
2024-10-15,92049594548484.64
2024-10-16,92049594548484.7
2024-10-17,92049594548484.64
2024-10-18,92049594548484.72
2024-10-19,92049594548484.58
2024-10-20,92049594548484.58
2024-10-21,92049594548484.58
2024-10-22,93021007793487.48
2024-10-23,95672703408224.0
2024-10-24,95672703408224.0
2024-10-25,95672703408224.0
2024-10-26,95672703408224.0
2024-10-27,95672703408224.0
2024-10-28,95672703408224.0
2024-10-29,95672703408224.0
2024-10-30,95672703408224.0
2024-10-31,95672703408224.0
2024-11-01,95672703408224.0
2024-11-02,95672703408224.0
2024-11-03,95672703408224.0
2024-11-04,95989214149657.64
2024-11-05,101646843652784.64
2024-11-06,101646843652784.58
2024-11-07,101646843652784.56
2024-11-08,101646843652784.62
2024-11-09,101646843652784.64
2024-11-10,101646843652784.6
2024-11-11,101646843652784.64
2024-11-12,101646843652784.6
2024-11-13,101646843652784.64
2024-11-14,101646843652784.69
2024-11-15,101646843652784.6
2024-11-16,101646843652784.56
2024-11-17,101646843652784.6
2024-11-18,101766294632436.23
2024-11-19,102289407543324.0
2024-11-20,102289407543324.0
2024-11-21,102289407543324.0
2024-11-22,102289407543324.0
2024-11-23,102289407543324.0
2024-11-24,102289407543324.0
2024-11-25,102289407543324.0
2024-11-26,102289407543324.0
2024-11-27,102289407543324.0
2024-11-28,102289407543324.0
2024-11-29,102289407543324.0
2024-11-30,102289407543324.0
2024-12-01,102289407543324.0
2024-12-02,102892719959890.12
2024-12-03,103919634711492.0
2024-12-04,103919634711492.0
2024-12-05,103919634711492.0
2024-12-06,103919634711492.0
2024-12-07,103919634711492.0
2024-12-08,103919634711492.0
2024-12-09,103919634711492.0
2024-12-10,103919634711492.0
2024-12-11,103919634711492.0
2024-12-12,103919634711492.0
2024-12-13,103919634711492.0
2024-12-14,103919634711492.0
2024-12-15,103919634711492.0
2024-12-16,108242734681593.58
2024-12-17,108522647629298.0
2024-12-18,108522647629298.0
2024-12-19,108522647629298.0
2024-12-20,108522647629298.0
2024-12-21,108522647629298.0
2024-12-22,108522647629298.0
2024-12-23,108522647629298.0
2024-12-24,108522647629298.0
2024-12-25,108522647629298.0
2024-12-26,108522647629298.0
2024-12-27,108522647629298.0
2024-12-28,108522647629298.0
2024-12-29,108610329323384.5
2024-12-30,109782075598904.52
2024-12-31,109782075598904.66
2025-01-01,109782075598904.6
2025-01-02,109782075598904.5
2025-01-03,109782075598904.6
2025-01-04,109782075598904.56
2025-01-05,109782075598904.52
2025-01-06,109782075598904.62
2025-01-07,109782075598904.62
2025-01-08,109782075598904.69
2025-01-09,109782075598904.56
2025-01-10,109782075598904.6
2025-01-11,109782075598904.6
2025-01-12,109910589834948.7
2025-01-13,110451907374650.0
2025-01-14,110451907374650.0
2025-01-15,110451907374650.0
2025-01-16,110451907374650.0
2025-01-17,110451907374650.0
2025-01-18,110451907374650.0
2025-01-19,110451907374650.0
2025-01-20,110451907374650.0
2025-01-21,110451907374650.0
2025-01-22,110451907374650.0
2025-01-23,110451907374650.0
2025-01-24,110451907374650.0
2025-01-25,110451907374650.0
2025-01-26,110451907374650.0
2025-01-27,108526595760699.28
2025-01-28,108105433845147.44
2025-01-29,108105433845147.44
2025-01-30,108105433845147.42
2025-01-31,108105433845147.31
2025-02-01,108105433845147.56
2025-02-02,108105433845147.52
2025-02-03,108105433845147.44
2025-02-04,108105433845147.36
2025-02-05,108105433845147.42
2025-02-06,108105433845147.42
2025-02-07,108105433845147.52
2025-02-08,108105433845147.48
2025-02-09,111878185464323.42
2025-02-10,114167270716408.0
2025-02-11,114167270716408.0
2025-02-12,114167270716408.0
2025-02-13,114167270716408.0
2025-02-14,114167270716408.0
2025-02-15,114167270716408.0
2025-02-16,114167270716408.0
2025-02-17,114167270716408.0
2025-02-18,114167270716408.0
2025-02-19,114167270716408.0
2025-02-20,114167270716408.0
2025-02-21,114167270716408.0
2025-02-22,114167270716408.0
2025-02-23,113609310651996.22
2025-02-24,110568428300952.64
2025-02-25,110568428300952.58
2025-02-26,110568428300952.52
2025-02-27,110568428300952.56
2025-02-28,110568428300952.52
2025-03-01,110568428300952.58
2025-03-02,110568428300952.69
2025-03-03,110568428300952.56
2025-03-04,110568428300952.58
2025-03-05,110568428300952.62
2025-03-06,110568428300952.5
2025-03-07,110568428300952.6
2025-03-08,110568428300952.6
2025-03-09,111085509723899.64
2025-03-10,112149504190348.52
2025-03-11,112149504190348.58
2025-03-12,112149504190348.52
2025-03-13,112149504190348.5
2025-03-14,112149504190348.56
2025-03-15,112149504190348.6
2025-03-16,112149504190348.56
2025-03-17,112149504190348.58
2025-03-18,112149504190348.56
2025-03-19,112149504190348.52
2025-03-20,112149504190348.56
2025-03-21,112149504190348.56
2025-03-22,112149504190348.52
2025-03-23,113035968276012.02
2025-03-24,113757508810854.0
2025-03-25,113757508810854.0
2025-03-26,113757508810854.0
2025-03-27,113757508810854.0
2025-03-28,113757508810854.0
2025-03-29,113757508810854.0
2025-03-30,113757508810854.0
2025-03-31,113757508810854.0
2025-04-01,113757508810854.0
2025-04-02,113757508810854.14
2025-04-03,113757508810854.0
2025-04-04,113757508810854.22
2025-04-05,116403947359503.08
2025-04-06,121507793131898.0
2025-04-07,121507793131898.0
2025-04-08,121507793131897.94
