Date,hash-rate
2020-04-11,116308064.119463
2020-04-12,111919080.567785
2020-04-13,125086031.222819
2020-04-14,122891539.44698
2020-04-15,123623036.705593
2020-04-16,112650577.826398
2020-04-17,92900151.843848
2020-04-18,115576566.86085
2020-04-19,111187583.309172
2020-04-20,117771058.636689
2020-04-21,115730561.554044
2020-04-22,103923467.233466
2020-04-23,112649865.245436
2020-04-24,114236483.065795
2020-04-25,107890011.784362
2020-04-26,108683320.694541
2020-04-27,111856556.335257
2020-04-28,122169572.167586
2020-04-29,115029791.975974
2020-04-30,107096702.874182
2020-05-01,111856556.335257
2020-05-02,117409718.706511
2020-05-03,133275896.910094
2020-05-04,125342807.808302
2020-05-05,126294576.814336
2020-05-06,123288445.655594
2020-05-07,117684425.398522
2020-05-08,109678682.174133
2020-05-09,108878107.851694
2020-05-10,136097634.814617
2020-05-11,125690168.622911
2020-05-12,116883851.076083
2020-05-13,95268344.370232
2020-05-14,91265472.7580373
2020-05-15,100071790.304866
2020-05-16,100872364.627304
2020-05-17,81658580.8887703
2020-05-18,102473513.272182
2020-05-19,92066047.0804763
2020-05-20,86971887.3185643
2020-05-21,98579623.7035512
2020-05-22,83529299.4740014
2020-05-23,89549429.1658213
2020-05-24,87291880.5313888
2020-05-25,94064526.4346863
2020-05-26,93312010.2232088
2020-05-27,103847237.183894
2020-05-28,98579623.7035512
2020-05-29,95569558.8576412
2020-05-30,117392528.990488
2020-05-31,112877431.721623
2020-06-01,100837172.337984
2020-06-02,97074591.2805962
2020-06-03,104599753.395371
2020-06-04,108668660.65278
2020-06-05,122192367.725211
2020-06-06,133797229.464477
2020-06-07,108539589.208428
2020-06-08,110587505.985945
2020-06-09,109222228.134267
2020-06-10,111952783.837623
2020-06-11,126288201.280246
2020-06-12,111270144.911784
2020-06-13,107856950.282588
2020-06-14,116048617.392658
2020-06-15,94204171.7658051
2020-06-16,106374812.691088
2020-06-17,108283617.573483
2020-06-18,97298323.0370428
2020-06-19,111422273.155323
2020-06-20,107498953.678023
2020-06-21,114560928.737163
2020-06-22,112206937.050783
2020-06-23,123976895.482684
2020-06-24,109068281.468943
2020-06-25,110637609.259863
2020-06-26,128684878.855444
2020-06-27,108283617.573483
2020-06-28,117699584.319003
2020-06-29,113776264.841703
2020-06-30,115344676.145677
2020-07-01,127111309.039231
2020-07-02,128680584.459468
2020-07-03,127895946.749349
2020-07-04,123188120.488637
2020-07-05,127895946.749349
2020-07-06,120834207.358281
2020-07-07,126326671.329112
2020-07-08,118480294.227925
2020-07-09,128680584.459468
2020-07-10,126326671.329112
2020-07-11,122403482.778518
2020-07-12,119264931.938044
2020-07-13,121086665.700822
2020-07-14,124167138.542574
2020-07-15,118993507.769967
2020-07-16,117268964.179098
2020-07-17,101748071.861276
2020-07-18,112095333.40649
2020-07-19,112957605.201925
2020-07-20,121580323.15627
2020-07-21,107783974.429318
2020-07-22,124167138.542574
2020-07-23,117268964.179098
2020-07-24,138825759.064961
2020-07-25,122442594.951705
2020-07-26,136238943.678657
2020-07-27,128205972.903398
2020-07-28,121437040.395232
2020-07-29,123949530.886168
2020-07-30,113062072.092113
2020-07-31,128137015.037728
2020-08-01,114737065.752737
2020-08-02,118087053.073985
2020-08-03,135674486.510536
2020-08-04,121437040.395232
2020-08-05,108037091.110241
2020-08-06,130649505.528664
2020-08-07,127299518.207416
2020-08-08,118924549.904297
2020-08-09,130649505.528664
2020-08-10,114901504.532898
2020-08-11,129741892.842126
2020-08-12,132269332.313077
2020-08-13,123844534.076575
2020-08-14,140694130.549579
2020-08-15,131426852.489427
2020-08-16,128056933.194826
2020-08-17,105309977.956271
2020-08-18,117947175.311024
2020-08-19,116262215.6637237
2020-08-20,123002054.25292504
2020-08-21,130584372.6657766
2020-08-22,114577256.01642336
2020-08-23,132269332.31307696
2020-08-24,128441437.17505692
2020-08-25,111720008.69546376
2020-08-26,123939384.6465301
2020-08-27,112592821.26339708
2020-08-28,142268448.57312962
2020-08-29,127430634.91826336
2020-08-30,110847196.12753049
2020-08-31,130921885.1899966
2020-09-01,134413135.46172985
2020-09-02,125685009.78239676
2020-09-03,112592821.26339708
2020-09-04,117829696.67099696
2020-09-05,123066572.0785968
2020-09-06,130921885.1899966
2020-09-07,151762133.7678071
2020-09-08,133652505.32879265
2020-09-09,128478859.9612265
2020-09-10,136239328.01257572
2020-09-11,118993843.45402186
2020-09-12,146586618.74770805
2020-09-13,139688424.9242865
2020-09-14,151760264.11527425
2020-09-15,134514779.55672038
2020-09-16,133652505.32879265
2020-09-17,153484812.57112962
2020-09-18,142275247.6080696
2020-09-19,128478859.9612265
2020-09-20,135165071.8298032
2020-09-21,139219832.7594406
2020-09-22,123857644.31701957
2020-09-23,136339422.42648664
2020-09-24,131538738.5382301
2020-09-25,162263115.42307216
2020-09-26,144020516.64769718
2020-09-27,145940790.2029998
2020-09-28,123857644.31701957
2020-09-29,135379285.64883536
2020-09-30,149781337.3136051
2020-10-01,119056960.428763
2020-10-02,130578601.76057878
2020-10-03,144980653.4253485
2020-10-04,151592064.050859
2020-10-05,134303836.4311328
2020-10-06,124710705.25748046
2020-10-07,144856280.7221504
2020-10-08,155408725.01316798
2020-10-09,136222462.66586328
2020-10-10,137181775.78322852
2020-10-11,134303836.4311328
2020-10-12,142937654.4874199
2020-10-13,159245977.48262888
2020-10-14,142937654.4874199
2020-10-15,144856280.7221504
2020-10-16,148693533.1916113
2020-10-17,152419671.45957646
2020-10-18,119288755.698985
2020-10-19,124259120.51977606
2020-10-20,143146506.838782
2020-10-21,129229485.3405671
2020-10-22,136187996.08967456
2020-10-23,130223558.30472532
2020-10-24,151099090.55204767
2020-10-25,116306536.8065104
2020-10-26,109348026.05740292
2020-10-27,98413223.45166264
2020-10-28,99407296.41582084
2020-10-29,107359880.12908652
2020-10-30,110342099.02156112
2020-10-31,112330244.94987756
2020-11-01,124259120.51977606
2020-11-02,94436931.5950298
2020-11-03,124332259.0484446
2020-11-04,132689483.0919183
2020-11-05,122675182.48120748
2020-11-06,127682332.78656287
2020-11-07,121840657.43031491
2020-11-08,115164457.02317438
2020-11-09,154387134.41512507
2020-11-10,122675182.48120748
2020-11-11,122675182.48120748
2020-11-12,133524008.14281088
2020-11-13,115998982.07406694
2020-11-14,118502557.22674464
2020-11-15,125178757.6338852
2020-11-16,135534841.86269382
2020-11-17,137334450.8705656
2020-11-18,147831351.5740483
2020-11-19,119839616.36476108
2020-11-20,146956609.8487581
2020-11-21,147831351.5740483
2020-11-22,152205060.20049945
2020-11-23,128587033.61766332
2020-11-24,118964874.63947085
2020-11-25,135584967.41998515
2020-11-26,131211258.793534
2020-11-27,134710225.69469494
2020-11-28,134710225.69469494
2020-11-29,135399801.26976258
2020-11-30,107610727.917311
2020-12-01,144750713.6586838
2020-12-02,124752259.79794464
2020-12-03,149512250.29219317
2020-12-04,137132255.0450689
2020-12-05,137132255.0450689
2020-12-06,129513796.43145394
2020-12-07,142846099.00528008
2020-12-08,137132255.0450689
2020-12-09,132370718.41155957
2020-12-10,123799952.47124276
2020-12-11,131418411.08485769
2020-12-12,125704567.1246465
2020-12-13,148463110.1109586
2020-12-14,134574371.39496115
2020-12-15,129933875.82961763
2020-12-16,132718173.16882376
2020-12-17,119724785.58586197
2020-12-18,145711560.75178552
2020-12-19,146639659.8648542
2020-12-20,140142966.07337332
2020-12-21,126221479.37734284
2020-12-22,132718173.16882376
2020-12-23,142927263.41257942
2020-12-24,116940488.24665588
2020-12-25,133646272.28189243
2020-12-26,127149578.49041158
2020-12-27,137358668.73416725
2020-12-28,147938033.9968089
2020-12-29,140537799.38571388
2020-12-30,159029615.0943604
2020-12-31,153482070.38176647
2021-01-01,137764027.0294169
2021-01-02,139613208.60028157
2021-01-03,146085344.09830785
2021-01-04,159954205.87979275
2021-01-05,145160753.31287554
2021-01-06,163652569.02152207
2021-01-07,155331251.95263115
2021-01-08,136839436.24398455
2021-01-09,133808024.52210464
2021-01-10,162879650.9247733
2021-01-11,157757649.32336533
2021-01-12,151611247.4016758
2021-01-13,155708848.68280214
2021-01-14,150586847.08139417
2021-01-15,158782049.6436469
2021-01-16,150586847.08139417
2021-01-17,136245242.59745187
2021-01-18,148538046.440831
2021-01-19,152635647.72195736
2021-01-20,144440445.1597046
2021-01-21,132147641.31632549
2021-01-22,145464845.4799862
2021-01-23,159781151.23197326
2021-01-24,143884925.38771522
2021-01-25,144920068.73582825
2021-01-26,166658079.0462025
2021-01-27,146990355.43205437
2021-01-28,150095785.47639358
2021-01-29,157341788.913185
2021-01-30,140779495.34337604
2021-01-31,149060642.12828052
2021-02-01,124217201.7735671
2021-02-02,157341788.913185
2021-02-03,155271502.21695888
2021-02-04,165622935.69808948
2021-02-05,174939225.83110696
2021-02-06,169021265.50315762
2021-02-07,166219498.0035569
2021-02-08,172612555.6190783
2021-02-09,152367873.16992718
2021-02-10,152367873.16992718
2021-02-11,137450738.7337105
2021-02-12,151302363.56734022
2021-02-13,167285007.6061438
2021-02-14,158760930.78544855
2021-02-15,160891949.9906224
2021-02-16,128926661.9130153
2021-02-17,147040325.15699264
2021-02-18,145974815.55440575
2021-02-19,163181402.20420986
2021-02-20,157667240.0893604
2021-02-21,152267677.07260144
2021-02-22,143628376.2457872
2021-02-23,137148900.6256765
2021-02-24,171706103.93293357
2021-02-25,168466366.12287825
2021-02-26,150107851.8658979
2021-02-27,169546278.72623003
2021-02-28,141468551.03908366
2021-03-01,140388638.43573186
2021-03-02,154427502.27930507
2021-03-03,164146715.7094711
2021-03-04,138228813.22902828
2021-03-05,160906977.89941573
2021-03-06,162254330.9888254
2021-03-07,155665151.9066483
2021-03-08,165260948.9419896
2021-03-09,149267953.88308737
2021-03-10,158863750.91842875
2021-03-11,140738356.51833954
2021-03-12,159929950.58902222
2021-03-13,152466552.89486787
2021-03-14,167393348.28317663
2021-03-15,157797551.24783528
2021-03-16,158863750.91842875
2021-03-17,145003155.2007135
2021-03-18,162062349.9302092
2021-03-19,158357615.36380938
2021-03-20,167389189.0439892
2021-03-21,169563074.61598912
2021-03-22,164128360.68598944
2021-03-23,174997788.54598877
2021-03-24,165215303.47198936
2021-03-25,167389189.0439892
2021-03-26,147824218.8959905
2021-03-27,172823902.97398886
2021-03-28,172823902.97398886
2021-03-29,164128360.68598944
2021-03-30,158693646.7559898
2021-03-31,170650017.401989
2021-04-01,157606703.96998987
2021-04-02,160517766.38346806
2021-04-03,150672055.73110902
2021-04-04,167924581.1965032
2021-04-05,179426264.84009933
2021-04-06,165624244.467784
2021-04-07,180576433.20445892
2021-04-08,154122560.82418784
2021-04-09,174825591.38266087
2021-04-10,180576433.20445892
2021-04-11,166774412.8321436
2021-04-12,165624244.467784
2021-04-13,163323907.73906472
2021-04-14,155272729.1885475
2021-04-15,198514005.70963436
2021-04-16,120743465.5644424
2021-04-17,106676265.69285686
2021-04-18,145361065.33971703
2021-04-19,113709865.62864962
2021-04-20,150050131.96357888
2021-04-21,118398932.25251149
2021-04-22,167634131.8030608
2021-04-23,158255998.5553371
2021-04-24,169978665.11499172
2021-04-25,165289598.49112985
2021-04-26,133638398.78006244
2021-04-27,166461865.14709532
2021-04-28,166461865.14709532
2021-04-29,143016532.0277861
2021-04-30,169978665.11499172
2021-05-01,158954589.9843886
2021-05-02,189527186.50027975
2021-05-03,181331416.27324063
2021-05-04,185429301.3867602
2021-05-05,160841990.70564282
2021-05-06,174160117.3245814
2021-05-07,176209059.88134116
2021-05-08,175184588.60296133
2021-05-09,190551657.77865964
2021-05-10,184404830.1083803
2021-05-11,176209059.88134116
2021-05-12,176209059.88134116
2021-05-13,185896531.25400168
2021-05-14,166839065.28467855
2021-05-15,153143321.1195184
2021-05-16,164348929.98192218
2021-05-17,150653185.81676203
2021-05-18,124506765.13781984
2021-05-19,155633456.42227483
2021-05-20,139447576.95435822
2021-05-21,136957441.6516018
2021-05-22,144427847.55987102
2021-05-23,148163050.51400563
2021-05-24,156878524.07365298
2021-05-25,153143321.1195184
2021-05-26,151898253.46814018
2021-05-27,145672915.21124923
2021-05-28,148163050.51400563
2021-05-29,144427847.55987102
2021-05-30,151858199.84334671
2021-05-31,147526659.02062267
2021-06-01,148572947.38247102
2021-06-02,173683868.0668324
2021-06-03,153804389.191713
2021-06-04,137063775.4021388
2021-06-05,137063775.4021388
2021-06-06,156943254.27725816
2021-06-07,139156352.12583557
2021-06-08,155896965.91540977
2021-06-09,131832333.59289683
2021-06-10,123462026.69810976
2021-06-11,109860277.9940807
2021-06-12,138110063.76398718
2021-06-13,136724465.12868512
2021-06-14,133766696.2189013
2021-06-15,129803238.5531561
2021-06-16,121876323.22166562
2021-06-17,128812374.13671976
2021-06-18,122867187.63810194
2021-06-19,102059034.89293952
2021-06-20,104040763.72581212
2021-06-21,104040763.72581212
2021-06-22,90168661.89570382
2021-06-23,100077306.0600669
2021-06-24,104040763.72581212
2021-06-25,108995085.80799364
2021-06-26,88186933.06283121
2021-06-27,58461000.569742054
2021-06-28,86205204.22995861
2021-06-29,89177797.47926754
2021-06-30,88186933.06283121
2021-07-01,94132119.56144908
2021-07-02,89177797.47926754
2021-07-03,98706076.21227616
2021-07-04,82108836.0775171
2021-07-05,94246664.01941094
2021-07-06,101386562.80876024
2021-07-07,87820755.10899657
2021-07-08,99244593.17195548
2021-07-09,93532674.14047602
2021-07-10,114952370.50852396
2021-07-11,89248734.86686642
2021-07-12,89962724.74580133
2021-07-13,97102623.53515066
2021-07-14,121378279.41893832
2021-07-15,91390704.5036712
2021-07-16,107098481.84023967
2021-07-17,101997588.09440474
2021-07-18,97872242.0886884
2021-07-19,115543619.13247934
2021-07-20,82919538.43624988
2021-07-21,98551910.4365265
2021-07-22,103989257.2192314
2021-07-23,91755226.95814537
2021-07-24,104668925.56706952
2021-07-25,103989257.2192314
2021-07-26,101950252.17571706
2021-07-27,115543619.13247934
2021-07-28,106707930.61058386
2021-07-29,108746935.6540982
2021-07-30,112824945.7411269
2021-07-31,112465862.1258896
2021-08-01,110975800.79118258
2021-08-02,103048957.87752669
2021-08-03,121785132.03707698
2021-08-04,98004603.29610927
2021-08-05,115299533.28954034
2021-08-06,114578911.20648073
2021-08-07,120343887.87095772
2021-08-08,113858289.12342106
2021-08-09,109534556.62506332
2021-08-10,118902643.70483848
2021-08-11,105931446.20976518
2021-08-12,108813934.5420037
2021-08-13,108175319.62792765
2021-08-14,126820808.5468918
2021-08-15,140740165.58252627
2021-08-16,124500915.7076194
2021-08-17,133007189.45161822
2021-08-18,104395177.76725852
2021-08-19,119087832.41598378
2021-08-20,123727618.0945286
2021-08-21,131460594.22543664
2021-08-22,126820808.5468918
2021-08-23,152339629.77888831
2021-08-24,119087832.41598378
2021-08-25,130687447.2547367
2021-08-26,127844614.11993945
2021-08-27,127844614.11993945
2021-08-28,123466373.91035248
2021-08-29,136601094.53911337
2021-08-30,118212485.65884812
2021-08-31,126093318.03610466
2021-09-01,119963781.7426829
2021-09-02,130471558.2456916
2021-09-03,129595910.20377424
2021-09-04,135725446.49719596
2021-09-05,143606278.8744525
2021-09-06,150611463.20979166
2021-09-07,133974150.4133612
2021-09-08,129910433.67934506
2021-09-09,125412870.36132078
2021-09-10,124497447.94992428
2021-09-11,135482516.8866823
2021-09-12,134567094.4752858
2021-09-13,145552163.4120438
2021-09-14,153790965.11461234
2021-09-15,129989982.41830328
2021-09-16,124497447.94992428
2021-09-17,134567094.4752858
2021-09-18,141890473.7664578
2021-09-19,146467585.8234403
2021-09-20,150129275.4690263
2021-09-21,113928907.4435182
2021-09-22,126546633.84005068
2021-09-23,155822347.6388684
2021-09-24,139767923.94274256
2021-09-25,135990412.4848306
2021-09-26,131268523.16244064
2021-09-27,146378568.99408844
2021-09-28,143545435.4006545
2021-09-29,122769122.38213871
2021-09-30,161488614.82573634
2021-10-01,132212901.0269186
2021-10-02,177543038.52186212
2021-10-03,141656679.6716985
2021-10-04,147411968.39584854
2021-10-05,162177735.83152118
2021-10-06,129544410.9385932
2021-10-07,139433297.2697835
2021-10-08,118666635.97428384
2021-10-09,148333294.9678548
2021-10-10,157233292.66592607
2021-10-11,144377740.43537864
2021-10-12,132511076.83795026
2021-10-13,167122178.99711636
2021-10-14,135477742.7373074
2021-10-15,139433297.2697835
2021-10-16,131522188.20483124
2021-10-17,158222181.29904512
2021-10-18,146534419.32302314
2021-10-19,154737198.72913387
2021-10-20,148747371.68155453
2021-10-21,147749067.17362463
2021-10-22,157732112.25292358
2021-10-23,144754153.64983496
2021-10-24,152740589.71327412
2021-10-25,181691420.4432411
2021-10-26,149745676.18948442
2021-10-27,156733807.7449937
2021-10-28,152740589.71327412
2021-10-29,170710070.85601223
2021-10-30,154737198.72913387
2021-10-31,140175299.14944655
2021-11-01,159350397.00608382
2021-11-02,170117315.72271112
2021-11-03,173347391.33769932
2021-11-04,153966937.6477702
2021-11-05,166887240.1077229
2021-11-06,165810548.2360602
2021-11-07,164733856.36439747
2021-11-08,145353402.67446837
2021-11-09,163657164.49273473
2021-11-10,160427088.87774655
2021-11-11,170117315.72271112
2021-11-12,152890245.77610743
2021-11-13,164733856.36439747
2021-11-14,175094161.92837763
2021-11-15,170197841.36837798
2021-11-16,169070703.34607086
2021-11-17,167943565.3237637
2021-11-18,162307875.21222803
2021-11-19,154417909.05607805
2021-11-20,163435013.23453516
2021-11-21,148782218.94454235
2021-11-22,158926461.1453066
2021-11-23,148782218.94454235
2021-11-24,176960669.50222084
2021-11-25,146527942.89992806
2021-11-26,148782218.94454235
2021-11-27,161180737.1899209
2021-11-28,155225116.619112
2021-11-29,158774565.17985132
2021-11-30,148781760.37832215
2021-12-01,152112695.31216523
2021-12-02,172098304.91522342
2021-12-03,186532356.2952099
2021-12-04,172098304.91522342
2021-12-05,184311733.00598127
2021-12-06,190973602.87366727
2021-12-07,170987993.2706091
2021-12-08,186532356.2952099
2021-12-09,180980798.07213816
2021-12-10,173208616.55983782
2021-12-11,176161777.07292455
2021-12-12,168385593.54016247
2021-12-13,169588347.7797351
2021-12-14,178007627.4567432
2021-12-15,169588347.7797351
2021-12-16,138316737.55084777
2021-12-17,179210381.69631582
2021-12-18,153952542.66529143
2021-12-19,179210381.69631582
2021-12-20,173196610.49845287
2021-12-21,193643432.5711869
2021-12-22,178007627.4567432
2021-12-23,182818644.4150336
2021-12-24,181615890.175461
2021-12-25,177149566.7855162
2021-12-26,161682278.52670813
2021-12-27,178574456.88024485
2021-12-28,161682278.52670813
2021-12-29,174954704.37591556
2021-12-30,143583516.00506175
2021-12-31,179781041.0483546
2022-01-01,207532476.9148791
2022-01-02,190640298.56134245
2022-01-03,168921783.5353667
2022-01-04,177367872.71213505
2022-01-05,180987625.2164643
2022-01-06,176161288.5440253
2022-01-07,168921783.5353667
2022-01-08,174242949.24269608
2022-01-09,170826076.6426718
2022-01-10,172037609.10113046
2022-01-11,191422128.4364691
2022-01-12,168403011.72575447
2022-01-13,216864310.0641011
2022-01-14,192633660.89492777
2022-01-15,201114388.1041385
2022-01-16,212018180.23026645
2022-01-17,195056725.81184512
2022-01-18,164768414.35037845
2022-01-19,209595115.3133491
2022-01-20,204748985.4795144
2022-01-21,175442615.30802113
2022-01-22,177474949.66786668
2022-01-23,186746029.1281284
2022-01-24,198665988.43417916
2022-01-25,201314868.2799682
2022-01-26,172177189.9762886
2022-01-27,173501629.89918315
2022-01-28,203963748.12575728
2022-01-29,197341548.51128465
2022-01-30,193368228.74260104
2022-01-31,189394908.97391748
2022-02-01,203963748.12575728
2022-02-02,202639308.2028627
2022-02-03,194692668.6654955
2022-02-04,172445464.54596007
2022-02-05,157888391.82261464
2022-02-06,206979740.54057044
2022-02-07,180443876.3687024
2022-02-08,204326154.12338364
2022-02-09,185751049.203076
2022-02-10,195038601.66322985
2022-02-11,188404635.6202628
2022-02-12,248110330.00696588
2022-02-13,209633326.9577572
2022-02-14,202999360.9147902
2022-02-15,232188811.50384504
2022-02-16,206979740.54057044
2022-02-17,213256529.5453799
2022-02-18,186294128.8834766
2022-02-19,207147949.28088072
2022-02-20,200196675.81507933
2022-02-21,171001327.25871363
2022-02-22,211318713.36036152
2022-02-23,208538203.974041
2022-02-24,183513619.49715608
2022-02-25,186294128.8834766
2022-02-26,173781836.64503416
2022-02-27,189074638.2697972
2022-02-28,214099222.7466821
2022-03-01,225221260.29196423
2022-03-02,189074638.2697972
2022-03-03,204908164.05639085
2022-03-04,190365286.64550212
2022-03-05,168452735.66472492
2022-03-06,179409011.15511352
2022-03-07,202691096.5721893
2022-03-08,202691096.5721893
2022-03-09,188995752.2092035
2022-03-10,198582493.2632936
2022-03-11,188995752.2092035
2022-03-12,213647372.0625779
2022-03-13,206799699.88108504
2022-03-14,209538768.75368217
2022-03-15,190365286.64550212
2022-03-16,212277837.6262793
2022-03-17,217523034.5085692
2022-03-18,195149454.73662692
2022-03-19,211525632.75648364
2022-03-20,210160951.25482893
2022-03-21,208796269.7531742
2022-03-22,203337543.74655527
2022-03-23,197878817.73993632
2022-03-24,195149454.73662692
2022-03-25,212890314.2581384
2022-03-26,219713721.76641208
2022-03-27,178773276.7167701
2022-03-28,216984358.7631026
2022-03-29,206066906.74986473
2022-03-30,184232002.723389
2022-03-31,194247387.85170585
2022-04-01,200371606.28467655
2022-04-02,191845154.95341375
2022-04-03,197529455.84092233
2022-04-04,224529885.05658796
2022-04-05,206055907.1721852
2022-04-06,213161283.28157085
2022-04-07,196108380.6190452
2022-04-08,190424079.73153663
2022-04-09,217424508.94720227
2022-04-10,198950531.06279945
2022-04-11,194687305.39716807
2022-04-12,217424508.94720227
2022-04-13,198950531.06279945
2022-04-14,194492275.55499536
2022-04-15,221692722.83303383
2022-04-16,188017878.85839576
2022-04-17,231514552.3256366
2022-04-18,188017878.85839576
2022-04-19,173986693.86896327
2022-04-20,224498959.83092037
2022-04-21,237127026.3214096
2022-04-22,189420997.35733905
2022-04-23,228708315.3277501
2022-04-24,239933263.31929615
2022-04-25,227305196.82880685
2022-04-26,196436589.85205528
2022-04-27,243130347.43116817
2022-04-28,195503620.58301136
2022-04-29,222163205.20796743
2022-04-30,222163205.20796743
2022-05-01,247341701.7982037
2022-05-02,236974085.5551653
2022-05-03,222163205.20796743
2022-05-04,216238853.06908828
2022-05-05,232530821.4510059
2022-05-06,210314500.93020916
2022-05-07,211795588.96492895
2022-05-08,229568645.3815663
2022-05-09,229568645.3815663
2022-05-10,226823707.2333046
2022-05-11,225257597.8912952
2022-05-12,209722591.14017135
2022-05-13,236132102.61708185
2022-05-14,219043595.19084564
2022-05-15,189527082.3637104
2022-05-16,254774110.71843037
2022-05-17,228364599.24151993
2022-05-18,208169090.46505895
2022-05-19,189527082.3637104
2022-05-20,198848086.4143847
2022-05-21,209722591.14017135
2022-05-22,189527082.3637104
2022-05-23,248560108.0179809
2022-05-24,186420081.01348567
2022-05-25,219801139.27751225
2022-05-26,209555369.85718095
2022-05-27,205096744.96660265
2022-05-28,219958827.93519703
2022-05-29,221445036.23205647
2022-05-30,228876077.71635368
2022-05-31,216986411.34147817
2022-06-01,202124328.37288377
2022-06-02,185776037.10742992
2022-06-03,212527786.45089987
2022-06-04,206582953.2634621
2022-06-05,216986411.34147817
2022-06-06,222931244.5289159
2022-06-07,240765744.0912292
2022-06-08,266405768.7361438
2022-06-09,219787040.37955952
2022-06-10,221292431.06709072
2022-06-11,231830165.87980935
2022-06-12,191184617.31646615
2022-06-13,200216961.44165352
2022-06-14,219787040.37955952
2022-06-15,248389463.44265285
2022-06-16,179141491.81621632
2022-06-17,162582194.2533728
2022-06-18,234840947.25487185
2022-06-19,200216961.44165352
2022-06-20,198711570.75412232
2022-06-21,225808603.1296844
2022-06-22,193273708.26929793
2022-06-23,223431040.49786
2022-06-24,189622396.21199957
2022-06-25,221961099.44195303
2022-06-26,202851865.7151624
2022-06-27,199911983.60334843
2022-06-28,214611394.16241816
2022-06-29,221961099.44195303
2022-06-30,251359920.5600925
2022-07-01,196972101.49153444
2022-07-02,202851865.7151624
2022-07-03,227840863.6655809
2022-07-04,210201570.99469727
2022-07-05,173453044.59702292
2022-07-06,186682514.1001857
2022-07-07,227544125.37384427
2022-07-08,214480636.4041969
2022-07-09,194191927.5551512
2022-07-10,221726603.8502846
2022-07-11,178250799.1737582
2022-07-12,218828216.8718495
2022-07-13,159411283.8139301
2022-07-14,179699992.6629758
2022-07-15,205785475.4688916
2022-07-16,214480636.4041969
2022-07-17,179699992.6629758
2022-07-18,189844347.0874986
2022-07-19,199988701.51202145
2022-07-20,182598379.6414109
2022-07-21,199187652.45519632
2022-07-22,181711862.6387281
2022-07-23,211997173.07851613
2022-07-24,216126988.1384872
2022-07-25,195477912.83863172
2022-07-26,220256803.1984583
2022-07-27,227139828.29841012
2022-07-28,194101307.8186414
2022-07-29,200984332.91859323
2022-07-30,177582047.57875702
2022-07-31,209243963.0385354
2022-08-01,187218282.71868956
2022-08-02,213373778.09850645
2022-08-03,199607727.89860287
2022-08-04,183173748.8020644
2022-08-05,210085555.03954557
2022-08-06,225491829.07577893
2022-08-07,222690688.3419183
2022-08-08,201682132.83796376
2022-08-09,200281562.47103348
2022-08-10,207284414.30568495
2022-08-11,196079851.3702425
2022-08-12,215687836.5072668
2022-08-13,194679281.00331223
2022-08-14,186275858.8017304
2022-08-15,203082703.20489404
2022-08-16,207284414.30568495
2022-08-17,180673577.33400917
2022-08-18,202403376.0331685
2022-08-19,250867150.78611156
2022-08-20,209995536.33219457
2022-08-21,205767438.2852376
2022-08-22,204358072.2695853
2022-08-23,242410954.69219768
2022-08-24,205767438.2852376
2022-08-25,224089196.48871768
2022-08-26,248048418.754807
2022-08-27,204358072.2695853
2022-08-28,226907928.52002233
2022-08-29,221270464.45741308
2022-08-30,228317294.5356746
2022-08-31,219862688.89188153
2022-09-01,212503108.15739748
2022-09-02,198644209.79930627
2022-09-03,226362006.5154886
2022-09-04,258699436.01770127
2022-09-05,235601272.08754936
2022-09-06,218662618.53877124
2022-09-07,224822128.92014512
2022-09-08,195564454.60861945
2022-09-09,226362006.5154886
2022-09-10,241760782.4689232
2022-09-11,281797599.94785315
2022-09-12,235601272.08754936
2022-09-13,211972242.0735515
2022-09-14,202308899.97494468
2022-09-15,234168569.2623375
2022-09-16,203901883.4393143
2022-09-17,270807188.94283926
2022-09-18,245319453.51292503
2022-09-19,207087850.3680536
2022-09-20,242133486.58418575
2022-09-21,224610668.47611964
2022-09-22,203901883.4393143
2022-09-23,215052767.68990183
2022-09-24,232575585.79796788
2022-09-25,234168569.2623375
2022-09-26,238947519.65544644
2022-09-27,205494866.90368393
2022-09-28,234283743.87934905
2022-09-29,222928606.67506388
2022-09-30,263461080.61598453
2022-10-01,282168376.2810249
2022-10-02,244753784.95094424
2022-10-03,240076961.03468415
2022-10-04,254107432.78346437
2022-10-05,272814728.44850475
2022-10-06,247871667.56178424
2022-10-07,266578963.2268246
2022-10-08,272814728.44850475
2022-10-09,246312726.25636423
2022-10-10,281762541.4868823
2022-10-11,277924882.20287925
2022-10-12,242520438.6101558
2022-10-13,253141771.68797284
2022-10-14,276154660.02324307
2022-10-15,269073771.3046984
2022-10-16,254911993.867609
2022-10-17,265533326.945426
2022-10-18,251371549.5083366
2022-10-19,267303549.1250622
2022-10-20,256682216.04724517
2022-10-21,276154660.02324307
2022-10-22,240750216.4305196
2022-10-23,274506216.9071191
2022-10-24,249031192.74934924
2022-10-25,223395628.7898574
2022-10-26,283822315.2658024
2022-10-27,247200081.03795695
2022-10-28,291146762.1113715
2022-10-29,261848974.7290952
2022-10-30,247200081.03795695
2022-10-31,316782326.0708633
2022-11-01,263680086.4404874
2022-11-02,223395628.7898574
2022-11-03,300302320.6683329
2022-11-04,236213410.7696033
2022-11-05,276497868.4202333
2022-11-06,250862304.46074155
2022-11-07,263186945.48747677
2022-11-08,297875786.9173795
2022-11-09,272291363.5011629
2022-11-10,268636445.8702748
2022-11-11,244879481.2695022
2022-11-12,305185622.17915577
2022-11-13,235742187.19228196
2022-11-14,224777434.2996177
2022-11-15,283256116.39382714
2022-11-16,274118822.31660694
2022-11-17,252189316.5312784
2022-11-18,254016775.34672245
2022-11-19,268636445.8702748
2022-11-20,272375605.3694332
2022-11-21,236949653.97082296
2022-11-22,231439196.90173405
2022-11-23,258991482.2471786
2022-11-24,236949653.97082296
2022-11-25,225928739.8326452
2022-11-26,200213273.51023027
2022-11-27,249807387.1320305
2022-11-28,255317844.20111936
2022-11-29,240623292.0168823
2022-11-30,253481025.1780897
2022-12-01,281033310.52353424
2022-12-02,229602377.8787045
2022-12-03,240623292.0168823
2022-12-04,257154663.22414896
2022-12-05,268175577.36232677
2022-12-06,231289584.01772717
2022-12-07,292794732.7377177
2022-12-08,284283257.94883054
2022-12-09,258748833.5821692
2022-12-10,262153423.49772403
2022-12-11,250237358.793282
2022-12-12,243428178.96217236
2022-12-13,280878668.0332757
2022-12-14,251939653.75105944
2022-12-15,236618999.1310626
2022-12-16,221298344.51106575
2022-12-17,234916704.1732852
2022-12-18,246832768.8777272
2022-12-19,233961255.1644386
2022-12-20,246114015.1556391
2022-12-21,251387886.90897432
2022-12-22,237324228.90008065
2022-12-23,232050357.14674553
2022-12-24,156458195.34894204
2022-12-25,247871972.4067509
2022-12-26,226776485.39341035
2022-12-27,202165083.87784645
2022-12-28,295336818.18676704
2022-12-29,247871972.4067509
2022-12-30,277757245.6756499
2022-12-31,274241331.1734265
2023-01-01,272483373.92231476
2023-01-02,274241331.1734265
2023-01-03,261883481.8059322
2023-01-04,242356482.01087615
2023-01-05,266083690.039913
2023-01-06,305064103.23047346
2023-01-07,260999288.3194051
2023-01-08,259304487.74590245
2023-01-09,257609687.17239985
2023-01-10,286421296.9219445
2023-01-11,249135684.30488667
2023-01-12,255914886.5988972
2023-01-13,269473291.1869182
2023-01-14,289810898.0689498
2023-01-15,280250606.7848099
2023-01-16,274688843.2470833
2023-01-17,291506527.527517
2023-01-18,261608422.14007932
2023-01-19,270951580.07365364
2023-01-20,246659369.44636056
2023-01-21,257871158.96664968
2023-01-22,282163369.59394276
2023-01-23,295243790.7009466
2023-01-24,241053474.68621597
2023-01-25,327010527.67509925
2023-01-26,289637895.9408021
2023-01-27,287769264.3540873
2023-01-28,313930106.5680952
2023-01-29,311001352.7915209
2023-01-30,269948142.5149194
2023-01-31,224956785.42909947
2023-02-01,267991996.55466637
2023-02-02,283641164.23669064
2023-02-03,260167412.7136542
2023-02-04,266035850.5944133
2023-02-05,297334185.95846194
2023-02-06,289509602.11744976
2023-02-07,277772726.3559315
2023-02-08,269948142.5149194
2023-02-09,316895645.5609923
2023-02-10,287553456.1571967
2023-02-11,291465748.0777028
2023-02-12,313943411.7760057
2023-02-13,303650131.9290037
2023-02-14,299757181.5196575
2023-02-15,317275458.3617154
2023-02-16,348419061.63648504
2023-02-17,321168408.7710616
2023-02-18,327007834.38508093
2023-02-19,315328983.1570423
2023-02-20,286131855.0869458
2023-02-21,325061359.18040776
2023-02-22,272506528.65423405
2023-02-23,332847259.9991002
2023-02-24,262774152.6308686
2023-02-25,227840889.77873337
2023-02-26,359556658.1833338
2023-02-27,299630548.4861114
2023-02-28,293209893.8756949
2023-03-01,363837094.5902782
2023-03-02,308191421.3000004
2023-03-03,359556658.1833338
2023-03-04,325313166.92777824
2023-03-05,331733821.53819484
2023-03-06,282508802.8583337
2023-03-07,353136003.57291716
2023-03-08,284649021.0618059
2023-03-09,288929457.4687504
2023-03-10,291564668.6842239
2023-03-11,357219695.9219277
2023-03-12,348559824.50563854
2023-03-13,339899953.08934945
2023-03-14,316085306.6945542
2023-03-15,318250274.5486265
2023-03-16,290105692.4456867
2023-03-17,318250274.5486265
2023-03-18,350724792.3597108
2023-03-19,320415242.4026988
2023-03-20,333405049.5271326
2023-03-21,313920338.84048194
2023-03-22,344229888.79749393
2023-03-23,398152679.74955547
2023-03-24,377232885.49311894
2023-03-25,337646718.49692744
2023-03-26,335318120.4383279
2023-03-27,344632512.6727259
2023-03-28,312032139.85233283
2023-03-29,342303914.6141264
2023-03-30,360932699.0829224
2023-03-31,328332326.2625294
2023-04-01,326003728.2039299
2023-04-02,346961110.73132545
2023-04-03,305046345.6765345
2023-04-04,377232885.49311894
2023-04-05,323675130.1453304
2023-04-06,375327217.1632722
2023-04-07,338032942.16648775
2023-04-08,349935510.5526316
2023-04-09,347554996.87540287
2023-04-10,292803182.2991408
2023-04-11,366599106.2932332
2023-04-12,380882188.3566059
2023-04-13,338032942.16648775
2023-04-14,333271914.81203014
2023-04-15,376121161.0021483
2023-04-16,295183695.97636956
2023-04-17,368979619.9704619
2023-04-18,395165270.4199787
2023-04-19,330891401.13480145
2023-04-20,319313867.4340018
2023-04-21,351118490.9644334
2023-04-22,360804518.3013832
2023-04-23,355961504.6329083
2023-04-24,341432463.6274834
2023-04-25,302688354.2796839
2023-04-26,314795888.4508713
2023-04-27,314795888.4508713
2023-04-28,355961504.6329083
2023-04-29,331746436.2905336
2023-04-30,358383011.4671458
2023-05-01,440714243.83121973
2023-05-02,312374381.6166337
2023-05-03,341432463.6274834
2023-05-04,351888475.1483047
2023-05-05,283977798.47865146
2023-05-06,355568840.1119249
2023-05-07,331705159.5675005
2023-05-08,326932423.4586156
2023-05-09,360341576.2208098
2023-05-10,405682569.2552163
2023-05-11,360341576.2208098
2023-05-12,336477895.6763853
2023-05-13,346023367.89415514
2023-05-14,415228041.47298616
2023-05-15,350796104.00303996
2023-05-16,365114312.32969475
2023-05-17,381818888.7107919
2023-05-18,344768089.144806
2023-05-19,369469365.7613961
2023-05-20,322669912.76495266
2023-05-21,371932494.8664721
2023-05-22,354690591.1309403
2023-05-23,379321882.1817001
2023-05-24,347301203.81571233
2023-05-25,371932494.8664721
2023-05-26,376858753.076624
2023-05-27,357153720.2360163
2023-05-28,394100656.8121559
2023-05-29,399026915.0223079
2023-05-30,379321882.1817001
2023-05-31,349729770.9452385
2023-06-01,336187209.4940784
2023-06-02,417687139.0684004
2023-06-03,331093463.8956832
2023-06-04,376937174.2812394
2023-06-05,351468446.2892638
2023-06-06,384577792.6788321
2023-06-07,343827827.89167106
2023-06-08,392218411.0764248
2023-06-09,430421503.0643882
2023-06-10,392218411.0764248
2023-06-11,415140266.2692028
2023-06-12,399859029.4740175
2023-06-13,374390301.4820418
2023-06-14,312388214.96659184
2023-06-15,385148460.1631553
2023-06-16,398160232.4659646
2023-06-17,364329624.47866035
2023-06-18,392955523.5448409
2023-06-19,369534333.3997841
2023-06-20,353920206.636413
2023-06-21,314884889.72798514
2023-06-22,356522561.09697485
2023-06-23,325294307.5702325
2023-06-24,379943751.2420316
2023-06-25,398160232.4659646
2023-06-26,379943751.2420316
2023-06-27,364329624.47866035
2023-06-28,280545974.4417444
2023-06-29,367574940.3012432
2023-06-30,397786579.2301125
2023-07-01,334845664.7949681
2023-07-02,430515854.7363876
2023-07-03,344916211.10459125
2023-07-04,357504393.99162006
2023-07-05,390233669.4978951
2023-07-06,349951484.25940275
2023-07-07,440586401.04601073
2023-07-08,448139310.7782279
2023-07-09,425480581.581576
2023-07-10,387716032.92048943
2023-07-11,339880937.9497796
2023-07-12,382989765.58074266
2023-07-13,321592673.51184636
2023-07-14,369831574.5386234
2023-07-15,369831574.5386234
2023-07-16,415390536.6194682
2023-07-17,364471696.6467593
2023-07-18,434150109.2409926
2023-07-19,396630963.9979439
2023-07-20,343032185.0793028
2023-07-21,300153161.94439
2023-07-22,359111818.75489503
2023-07-23,393951025.0520118
2023-07-24,401990841.889808
2023-07-25,369831574.5386234
2023-07-26,381190141.57452464
2023-07-27,358973121.2673339
2023-07-28,364175630.2712082
2023-07-29,343365594.25571066
2023-07-30,437010756.32545
2023-07-31,366776884.7731455
2023-08-01,361574375.76927114
2023-08-02,400593193.2983291
2023-08-03,392789429.79251754
2023-08-04,314751794.7344015
2023-08-05,400593193.2983291
2023-08-06,426605738.3177011
2023-08-07,379783157.2828315
2023-08-08,325156812.74215025
2023-08-09,421650114.697692
2023-08-10,330756213.4390739
2023-08-11,393261324.6401588
2023-08-12,434931398.7742153
2023-08-13,351591250.5061022
2023-08-14,445348917.3077294
2023-08-15,445348917.3077294
2023-08-16,424513880.24070114
2023-08-17,406283222.8070514
2023-08-18,362008769.0396163
2023-08-19,364613148.6729948
2023-08-20,421909500.6073226
2023-08-21,429722639.5074582
2023-08-22,380936887.22817194
2023-08-23,392623891.9211836
2023-08-24,384329020.9651023
2023-08-25,373269193.0236605
2023-08-26,378799106.9943814
2023-08-27,320735010.301812
2023-08-28,326264924.27253294
2023-08-29,436863203.68695074
2023-08-30,348384580.1554164
2023-08-31,398153805.89190453
2023-09-01,417508504.7894277
2023-09-02,420273461.77478814
2023-09-03,436863203.68695074
2023-09-04,411978590.8187068
2023-09-05,342854666.18469554
2023-09-06,364419397.2930779
2023-09-07,393005453.9397736
2023-09-08,358011817.6300677
2023-09-09,406464544.828122
2023-09-10,395697272.1174433
2023-09-11,427999090.2494795
2023-09-12,379546363.0514252
2023-09-13,395697272.1174433
2023-09-14,436074544.7824885
2023-09-15,506061817.40190023
2023-09-16,417231817.5388007
2023-09-17,401080908.4727827
2023-09-18,419923635.7164705
2023-09-19,385677556.7313763
2023-09-20,414558853.7494199
2023-09-21,391843300.11931473
2023-09-22,366288302.28544635
2023-09-23,442953295.78705144
2023-09-24,414558853.7494199
2023-09-25,411719409.5456568
2023-09-26,386164411.7117884
2023-09-27,445792739.99081457
2023-09-28,414558853.7494199
2023-09-29,417398297.95318305
2023-09-30,391843300.11931473
2023-10-01,400361632.7306042
2023-10-02,445792739.99081457
2023-10-03,466751379.41330886
2023-10-04,373280259.4846018
2023-10-05,401774935.7811363
2023-10-06,455914820.74455184
2023-10-07,487258964.67073977
2023-10-08,421721209.1887104
2023-10-09,444516950.225938
2023-10-10,461613756.0038587
2023-10-11,455914820.74455184
2023-10-12,470162158.89281905
2023-10-13,393226532.892176
2023-10-14,416022273.9294035
2023-10-15,475861094.1521259
2023-10-16,416156889.9191482
2023-10-17,491483968.444345
2023-10-18,439908490.27425945
2023-10-19,424739231.98894006
2023-10-20,406536122.04655695
2023-10-21,455077748.5595787
2023-10-22,464179303.53077024
2023-10-23,476314710.1590258
2023-10-24,382265308.7900461
2023-10-25,436874638.6171956
2023-10-26,455077748.5595787
2023-10-27,467213155.18783414
2023-10-28,485416265.1302173
2023-10-29,415637677.0177486
2023-10-30,482540025.495944
2023-10-31,481286782.8761844
2023-11-01,462656326.7648482
2023-11-02,447130946.6720681
2023-11-03,422290338.52361983
2023-11-04,521652771.1174128
2023-11-05,506127391.02463263
2023-11-06,394344654.35661566
2023-11-07,412975110.4679518
2023-11-08,462656326.7648482
2023-11-09,444025870.65351206
2023-11-10,478181706.85762835
2023-11-11,496812162.9689646
2023-11-12,506083624.1310116
2023-11-13,389037994.7160368
2023-11-14,443696225.3786205
2023-11-15,475848125.7683755
2023-11-16,475848125.7683755
2023-11-17,482278505.8463265
2023-11-18,479063315.80735093
2023-11-19,546582306.6258367
2023-11-20,533721546.4699347
2023-11-21,488708885.9242776
2023-11-22,456556985.5345224
2023-11-23,472632935.7294
2023-11-24,540151926.5478858
2023-11-25,511215216.1971062
2023-11-26,492891191.48160595
2023-11-27,439166010.2949663
2023-11-28,496595411.64123106
2023-11-29,459435210.7701186
2023-11-30,452678810.6117344
2023-12-01,570915813.3834561
2023-12-02,429031410.0573902
2023-12-03,557403013.066688
2023-12-04,523621012.2747674
2023-12-05,466191610.9285027
2023-12-06,459435210.7701186
2023-12-07,388493009.1070856
2023-12-08,456057010.69092655
2023-12-09,530377412.4331516
2023-12-10,469318617.5512489
2023-12-11,528635575.20314026
2023-12-12,481794448.2864064
2023-12-13,498523422.18524
2023-12-14,488486037.84593976
2023-12-15,545364549.1019738
2023-12-16,508560806.52454
2023-12-17,501869216.9650066
2023-12-18,562093523.0008074
2023-12-19,542018754.3222071
2023-12-20,485140243.06617314
2023-12-21,488486037.84593976
2023-12-22,562093523.0008074
2023-12-23,560327733.6667341
2023-12-24,612085087.5512694
2023-12-25,497542848.9451839
2023-12-26,497542848.9451839
2023-12-27,461748399.3807821
2023-12-28,433112839.72926086
2023-12-29,540496188.4224659
2023-12-30,519019518.6838249
2023-12-31,558393413.2046669
2024-01-01,554813968.2482265
2024-01-02,468907289.29366255
2024-01-03,565552303.117547
2024-01-04,608505642.5948291
2024-01-05,493963403.98874366
2024-01-06,509059003.5142141
2024-01-07,429363547.6531167
2024-01-08,447556918.3163843
2024-01-09,553078468.1633366
2024-01-10,483943659.64291966
2024-01-11,629490624.9490609
2024-01-12,611297254.2857933
2024-01-13,578549187.0919114
2024-01-14,465750288.9796519
2024-01-15,414808851.1225025
2024-01-16,454834266.5816914
2024-01-17,440279570.0510773
2024-01-18,516691726.83680135
2024-01-19,480304985.51026607
2024-01-20,513378340.1866717
2024-01-21,489551347.763542
2024-01-22,559487254.5869052
2024-01-23,538506482.5398962
2024-01-24,524519301.1752236
2024-01-25,632919956.7514365
2024-01-26,531512891.8575599
2024-01-27,597952003.3397549
2024-01-28,559487254.5869052
2024-01-29,545500073.2222326
2024-01-30,503538529.1282147
2024-01-31,458080189.69302857
2024-02-01,535009687.19872814
2024-02-02,676117474.0216229
2024-02-03,566738184.6284933
2024-02-04,581751116.6716322
2024-02-05,585504349.682417
2024-02-06,638049611.833403
2024-02-07,600517281.7255559
2024-02-08,517946155.488292
2024-02-09,623036679.7902641
2024-02-10,570491417.639278
2024-02-11,514192922.4775072
2024-02-12,671828708.9304657
2024-02-13,506686456.4559378
2024-02-14,521699388.49907666
2024-02-15,605343973.9976323
2024-02-16,544386616.4219546
2024-02-17,609388003.457412
2024-02-18,491572989.4556458
2024-02-19,552511789.8013868
2024-02-20,572824723.2499672
2024-02-21,560636963.180819
2024-02-22,548449203.1116709
2024-02-23,645951283.6648567
2024-02-24,556574376.491103
2024-02-25,666264217.113437
2024-02-26,540324029.7322387
2024-02-27,524073682.9733743
2024-02-28,605325416.7676959
2024-02-29,540324029.7322387
2024-03-01,608054004.3789
2024-03-02,500960510.12181586
2024-03-03,611408496.6053661
2024-03-04,508849652.01349825
2024-03-05,658743347.9554589
2024-03-06,552239932.41775
2024-03-07,710022770.2513928
2024-03-08,607463925.659525
2024-03-09,642965064.1720946
2024-03-10,564073645.2552733
2024-03-11,670577060.7929822
2024-03-12,556184503.3635911
2024-03-13,631131351.3345715
2024-03-14,579720256.0482558
2024-03-15,529980321.6844611
2024-03-16,600922569.4689952
2024-03-17,609268716.2671757
2024-03-18,600922569.4689952
2024-03-19,655172523.6571684
2024-03-20,621787936.4644464
2024-03-21,500768807.8908293
2024-03-22,563364908.877183
2024-03-23,650999450.2580782
2024-03-24,709422477.8453414
2024-03-25,550845688.6799122
2024-03-26,559191835.4780927
2024-03-27,567537982.2762733
2024-03-28,630675249.3060845
2024-03-29,595046224.9834774
2024-03-30,640501144.9474928
2024-03-31,566120366.8245583
2024-04-01,619839817.691122
2024-04-02,611575286.7885739
2024-04-03,586781694.0809289
2024-04-04,570252632.2758324
2024-04-05,611575286.7885739
2024-04-06,640501144.9474928
2024-04-07,702485126.7166051
2024-04-08,652897941.3013152
2024-04-09,603310755.8860255
2024-04-10,626404079.729565
2024-04-11,566860609.5352726
2024-04-12,584038203.763614
2024-04-13,704281363.3620051
2024-04-14,674220573.4624075
2024-04-15,605510196.549041
2024-04-16,708575761.9190906
2024-04-17,588332602.3206996
2024-04-18,622687790.7773827
2024-04-19,648454182.1198951
2024-04-20,558271812.4211017
2024-04-21,601215797.9919556
2024-04-22,652748580.6769805
2024-04-23,721458957.5903468
2024-04-24,671772263.1512126
2024-04-25,630674365.8262494
2024-04-26,578118168.6740619
2024-04-27,613155633.4421867
2024-04-28,613155633.4421867
2024-04-29,573738485.5780463
2024-04-30,617535316.5382024
2024-05-01,578118168.6740619
2024-05-02,635054048.9222649
2024-05-03,564979119.3860149
2024-05-04,617535316.5382024
2024-05-05,608775950.3461711
2024-05-06,534321337.7139056
2024-05-07,534321337.7139056
2024-05-08,556219753.1939834
2024-05-09,613867438.0566123
2024-05-10,599332437.5790136
2024-05-11,657199017.7590562
2024-05-12,545599184.5546882
2024-05-13,607599091.8904481
2024-05-14,562132493.1775575
2024-05-15,582799128.9561441
2024-05-16,586932456.1118613
2024-05-17,640665709.1361867
2024-05-18,529065875.9318188
2024-05-19,636532381.9804695
2024-05-20,644799036.2919042
2024-05-21,570399147.4889922
2024-05-22,632399054.8247522
2024-05-23,706194547.0096976
2024-05-24,671140034.7624127
2024-05-25,671140034.7624127
2024-05-26,704697036.5005332
2024-05-27,515938901.7236049
2024-05-28,562079779.1135205
2024-05-29,574663654.7653158
2024-05-30,515938901.7236049
2024-05-31,620804532.1552316
2024-06-01,591442155.634376
2024-06-02,587247530.4171109
2024-06-03,658556159.1106174
2024-06-04,562079779.1135205
2024-06-05,515938901.7236049
2024-06-06,554910858.050012
2024-06-07,590944002.9609013
2024-06-08,715791327.5301057
2024-06-09,636721355.302943
2024-06-10,578459270.5039809
2024-06-11,511874030.7337383
2024-06-12,607590312.9034619
2024-06-13,603428735.4178218
2024-06-14,532681918.1619392
2024-06-15,557651383.07578
2024-06-16,678337130.1593444
2024-06-17,582620847.9896209
2024-06-18,632559777.8173028
2024-06-19,570136115.5327007
2024-06-20,553323137.1046984
2024-06-21,582332779.002438
2024-06-22,632247017.2026471
2024-06-23,465866223.2019504
2024-06-24,632247017.2026471
2024-06-25,515780461.4021594
2024-06-26,503301901.8521072
2024-06-27,540737580.5022639
2024-06-28,561535179.7523509
2024-06-29,653044616.4527341
2024-06-30,503301901.8521072
2024-07-01,586492298.8524554
2024-07-02,615608937.8025774
2024-07-03,603130378.2525251
2024-07-04,582332779.002438
2024-07-05,481691507.2021622
2024-07-06,652035052.9717106
2024-07-07,557193590.72128
2024-07-08,628324687.409103
2024-07-09,608566049.4402633
2024-07-10,537434952.7524403
2024-07-11,553241863.127512
2024-07-12,592759139.0651915
2024-07-13,608566049.4402633
2024-07-14,659938508.1592464
2024-07-15,604614321.8464954
2024-07-16,580903956.2838876
2024-07-17,628324687.409103
2024-07-18,515102118.2359711
2024-07-19,599556361.5235602
2024-07-20,672971426.1999145
2024-07-21,689285885.0168821
2024-07-22,730072032.0593011
2024-07-23,689285885.0168821
2024-07-24,571006058.5938667
2024-07-25,664814196.7914306
2024-07-26,652578352.6787051
2024-07-27,628106664.4532535
2024-07-28,603634976.227802
2024-07-29,725993417.3550591
2024-07-30,611792205.6362859
2024-07-31,613215974.0238556
2024-08-01,630987879.9602102
2024-08-02,563382035.6787592
2024-08-03,608452598.53306
2024-08-04,644509048.8165007
2024-08-05,703100780.5270916
2024-08-06,630987879.9602102
2024-08-07,549860866.8224689
2024-08-08,581410260.8204794
2024-08-09,585917317.1059096
2024-08-10,581410260.8204794
2024-08-11,725636061.954242
2024-08-12,617466711.1039201
2024-08-13,671551386.529081
2024-08-14,594742777.8026003
2024-08-15,690944705.8016886
2024-08-16,613213426.3989986
2024-08-17,643442257.2778225
2024-08-18,673671088.1566465
2024-08-19,561392573.463872
2024-08-20,647760661.689083
2024-08-21,634805448.4553014
2024-08-22,690944705.8016886
2024-08-23,708218323.4467307
2024-08-24,660715874.9228647
2024-08-25,574347786.6976537
2024-08-26,578666191.1089141
2024-08-27,613213426.3989986
2024-08-28,703794017.3679069
2024-08-29,587091196.5963086
2024-08-30,631567802.399059
2024-08-31,653806105.3004345
2024-09-01,631567802.399059
2024-09-02,742759316.9059358
2024-09-03,662701426.4609846
2024-09-04,671596747.6215348
2024-09-05,689387389.9426349
2024-09-06,644910784.1398844
2024-09-07,702730371.68346
2024-09-08,742759316.9059358
2024-09-09,644910784.1398844
2024-09-10,609329499.4976839
2024-09-11,495458846.64224994
2024-09-12,700222814.5578787
2024-09-13,566627672.3067043
2024-09-14,640335336.9970075
2024-09-15,695616085.5147347
2024-09-16,575841130.3929921
2024-09-17,691009356.4715909
2024-09-18,635728607.9538636
2024-09-19,562020943.2635604
2024-09-20,667975711.255871
2024-09-21,621908420.8244318
2024-09-22,626515149.8675756
2024-09-23,672582440.299015
2024-09-24,667975711.255871
2024-09-25,657005311.2676694
2024-09-26,571298868.1801282
2024-09-27,602061114.928289
2024-09-28,566904261.5018196
2024-09-29,681164035.1378452
2024-09-30,602061114.928289
2024-10-01,689953248.4944626
2024-10-02,681164035.1378452
2024-10-03,694347855.1727712
2024-10-04,742688528.6341666
2024-10-05,663585608.4246106
2024-10-06,667980215.1029191
2024-10-07,681164035.1378452
2024-10-08,733899315.2775493
2024-10-09,574966972.3426994
2024-10-10,709250575.4670075
2024-10-11,640613423.0024583
2024-10-12,654340853.4953684
2024-10-13,631461802.673852
2024-10-14,636037612.8381552
2024-10-15,713826385.6313109
2024-10-16,645189233.1667618
2024-10-17,718402195.7956142
2024-10-18,622310182.3452455
2024-10-19,791615158.4244666
2024-10-20,791615158.4244666
2024-10-21,782463538.0958601
2024-10-22,638125714.2515116
2024-10-23,718143298.2753785
2024-10-24,699119634.7449049
2024-10-25,727655130.0406153
2024-10-26,694363718.8622864
2024-10-27,765702457.1015625
2024-10-28,798993868.2798914
2024-10-29,746678793.571089
2024-10-30,803749784.1625097
2024-10-31,751434709.4537071
2024-11-01,727655130.0406153
2024-11-02,670584139.4491944
2024-11-03,627780896.505629
2024-11-04,720519107.2542773
2024-11-05,702351988.6923242
2024-11-06,773092476.7620546
2024-11-07,788251152.776997
2024-11-08,717510664.7072663
2024-11-09,702351988.6923242
2024-11-10,747828016.7371509
2024-11-11,687193312.6773819
2024-11-12,737722232.7271894
2024-11-13,697299096.6873435
2024-11-14,641717284.6325549
2024-11-15,757933800.7471123
2024-11-16,793304044.7819778
2024-11-17,757933800.7471123
2024-11-18,789177471.4803329
2024-11-19,889845955.1158988
2024-11-20,747470602.2973549
2024-11-21,732216100.2096539
2024-11-22,727131266.1804202
2024-11-23,701707096.0342517
2024-11-24,681367759.9173166
2024-11-25,859336950.9404964
2024-11-26,706791930.0634853
2024-11-27,676282925.8880831
2024-11-28,722046432.1511863
2024-11-29,615264917.5372787
2024-11-30,833912780.7943279
2024-12-01,803403776.6189257
2024-12-02,649582756.2207783
2024-12-03,811042070.6273791
2024-12-04,759383340.0141702
2024-12-05,800710324.5047373
2024-12-06,702558736.3396405
2024-12-07,733553974.7075658
2024-12-08,754217466.9528493
2024-12-09,862700801.2405878
2024-12-10,795544451.4434165
2024-12-11,733553974.7075658
2024-12-12,764549213.0754911
2024-12-13,878198420.4245505
2024-12-14,821373816.7500207
2024-12-15,707724609.4009614
2024-12-16,796354777.917631
2024-12-17,733677850.1420219
2024-12-18,776835370.7386113
2024-12-19,782230060.8131851
2024-12-20,814598201.2606272
2024-12-21,782230060.8131851
2024-12-22,836176961.5589218
2024-12-23,749861920.3657429
2024-12-24,712099089.8437271
2024-12-25,814598201.2606272
2024-12-26,706704399.7691535
2024-12-27,852361031.782643
2024-12-28,771440680.6640378
2024-12-29,853049703.3260739
2024-12-30,867710155.9849901
2024-12-31,703991258.6293316
2025-01-01,764021520.9930731
2025-01-02,911368528.6131656
2025-01-03,774936114.1501169
2025-01-04,813137190.1997707
2025-01-05,851338266.2494245
2025-01-06,725820444.9434196
2025-01-07,731277741.5219413
2025-01-08,682162072.3152436
2025-01-09,829509079.9353366
2025-01-10,774936114.1501169
2025-01-11,753106927.8360293
2025-01-12,939753829.6056752
2025-01-13,702796044.3776932
2025-01-14,845551490.8919123
2025-01-15,763192579.4414012
2025-01-16,702796044.3776932
2025-01-17,823589114.5051093
2025-01-18,713777232.5710948
2025-01-19,823589114.5051093
2025-01-20,834570302.6985108
2025-01-21,730249014.861197
2025-01-22,823589114.5051093
2025-01-23,746720797.1512991
2025-01-24,768683173.5381019
2025-01-25,702796044.3776932
2025-01-26,752211391.2479999
2025-01-27,841602268.6110247
2025-01-28,795344639.2008113
2025-01-29,832962291.0549035
2025-01-30,779222788.4062003
2025-01-31,671743783.1087936
2025-02-01,988806848.7361436
2025-02-02,918945495.2928294
2025-02-03,822214390.5251629
2025-02-04,703987484.6980155
2025-02-05,773848838.1413299
2025-02-06,779222788.4062003
2025-02-07,929693395.82257
2025-02-08,859832042.3792553
2025-02-09,795293751.4100475
2025-02-10,788864727.616627
2025-02-11,703735440.4637535
2025-02-12,754813012.7554775
2025-02-13,896695158.0102665
2025-02-14,862643443.1491172
2025-02-15,908045729.6306496
2025-02-16,856968157.3389257
2025-02-17,777514155.996244
2025-02-18,794540013.4268184
2025-02-19,715086012.0841366
2025-02-20,737787155.324903
2025-02-21,732111869.5147113
2025-02-22,788864727.616627
2025-02-23,728533880.978175
2025-02-24,714530229.8374169
2025-02-25,807968798.3546175
2025-02-26,862932662.1882651
2025-02-27,824457957.5047117
2025-02-28,857436275.8049003
2025-03-01,791479639.2045234
2025-03-02,692544684.3039575
2025-03-03,824457957.5047117
2025-03-04,802472411.9712528
2025-03-05,736515775.3708757
2025-03-06,934385685.1720064
2025-03-07,780486866.4377937
2025-03-08,753004934.5209701
2025-03-09,878012411.8108668
2025-03-10,858547242.188255
2025-03-11,769347528.7141508
2025-03-12,852972260.0961236
2025-03-13,886422152.6489124
2025-03-14,791647457.0826768
2025-03-15,735897636.1613616
2025-03-16,808372403.3590714
2025-03-17,780497492.8984137
2025-03-18,791647457.0826768
2025-03-19,847397278.0039921
2025-03-20,791647457.0826768
2025-03-21,808372403.3590714
2025-03-22,836247313.819729
2025-03-23,876571559.8921037
2025-03-24,870857131.0489082
2025-03-25,842582548.8719956
2025-03-26,859547298.1781431
2025-03-27,836927632.4366131
2025-03-28,870857131.0489082
2025-03-29,797343217.3889353
2025-03-30,774723551.6474054
2025-03-31,836927632.4366131
2025-04-01,763413718.7766403
2025-04-02,972645626.8857932
2025-04-03,859547298.1781431
2025-04-04,1017884958.3688536
2025-04-05,948981343.907835
2025-04-06,875826848.0097468
2025-04-07,875826848.0097468
2025-04-08,924148329.2792498
