Date,output-volume
2020-04-11,608915.365841462
2020-04-12,494233.050258298
2020-04-13,985586.612082916
2020-04-14,773028.957715486
2020-04-15,877779.734540594
2020-04-16,1109195.64760975
2020-04-17,945920.019087213
2020-04-18,613279.302850086
2020-04-19,547594.508733469
2020-04-20,839780.608285255
2020-04-21,810070.433540893
2020-04-22,866718.352478309
2020-04-23,924532.437602299
2020-04-24,1265403.31533266
2020-04-25,612813.214824569
2020-04-26,523828.657864635
2020-04-27,1035215.22430837
2020-04-28,881270.46901014
2020-04-29,1797174.1981907
2020-04-30,2022344.59395085
2020-05-01,1076318.37468517
2020-05-02,551345.643588245
2020-05-03,729928.366536047
2020-05-04,914148.179451729
2020-05-05,1091229.69871237
2020-05-06,1019264.00328187
2020-05-07,1319480.59718214
2020-05-08,1326677.95960725
2020-05-09,1171689.06029833
2020-05-10,805120.27036456
2020-05-11,1165274.92614542
2020-05-12,1205576.90515208
2020-05-13,1111537.86226089
2020-05-14,1138602.39322196
2020-05-15,1004693.83507288
2020-05-16,588481.035675438
2020-05-17,587798.415081619
2020-05-18,1062998.79589118
2020-05-19,1176856.58096745
2020-05-20,1085395.61863261
2020-05-21,981107.891056958
2020-05-22,987088.019611931
2020-05-23,556030.768258092
2020-05-24,595935.213819698
2020-05-25,1099658.34870169
2020-05-26,952761.581576603
2020-05-27,1106668.09300837
2020-05-28,839340.520864076
2020-05-29,1047675.48051426
2020-05-30,587440.145320611
2020-05-31,752990.409021887
2020-06-01,1253496.17612293
2020-06-02,1566267.80336628
2020-06-03,1129212.65239848
2020-06-04,1152648.34209259
2020-06-05,1061346.60727637
2020-06-06,499113.05981015
2020-06-07,452165.291612093
2020-06-08,983934.73421203
2020-06-09,879184.175881874
2020-06-10,1195978.12128421
2020-06-11,1001631.28565624
2020-06-12,830253.863744253
2020-06-13,582211.681689125
2020-06-14,479773.867716293
2020-06-15,1010530.12387002
2020-06-16,1354151.1693022
2020-06-17,935895.462594491
2020-06-18,787459.576308072
2020-06-19,1446849.25137761
2020-06-20,544762.336902044
2020-06-21,475839.887667669
2020-06-22,962617.166341449
2020-06-23,1353314.1414485
2020-06-24,1311910.1917584
2020-06-25,1187885.16995811
2020-06-26,1223831.11613146
2020-06-27,578597.558721226
2020-06-28,683500.705868015
2020-06-29,1013567.96454737
2020-06-30,1097730.27154464
2020-07-01,1085316.16279451
2020-07-02,1031021.5341106
2020-07-03,971719.254995018
2020-07-04,676450.563713943
2020-07-05,600272.961085762
2020-07-06,1159525.34007784
2020-07-07,992282.946751971
2020-07-08,1088708.77697653
2020-07-09,976219.418168258
2020-07-10,969619.359678852
2020-07-11,613984.724456739
2020-07-12,678513.983457948
2020-07-13,1223910.64205352
2020-07-14,910587.514779727
2020-07-15,833760.320201608
2020-07-16,984626.116643764
2020-07-17,848790.136178614
2020-07-18,660373.467356979
2020-07-19,651373.590622766
2020-07-20,909433.194233738
2020-07-21,890489.549614565
2020-07-22,954797.572798298
2020-07-23,1016262.18315993
2020-07-24,1035386.49292255
2020-07-25,791995.338359226
2020-07-26,730216.75686728
2020-07-27,1239333.7545504
2020-07-28,1269990.75861043
2020-07-29,1131995.4293344
2020-07-30,1045611.30384732
2020-07-31,1014392.20306478
2020-08-01,864866.804415056
2020-08-02,793876.043691907
2020-08-03,1131415.83019561
2020-08-04,993343.061244682
2020-08-05,993543.746320266
2020-08-06,1194659.24607117
2020-08-07,1022839.81732761
2020-08-08,805601.805601121
2020-08-09,698476.612509977
2020-08-10,1024528.55495357
2020-08-11,1042770.73857038
2020-08-12,976274.057328136
2020-08-13,907786.726174472
2020-08-14,1440043.27138648
2020-08-15,1432177.73151402
2020-08-16,1819310.32164451
2020-08-17,2938608.11177309
2020-08-18,2076963.08785902
2020-08-19,1887293.8647586957
2020-08-20,1846156.891732365
2020-08-21,1495713.7528094356
2020-08-22,1358275.3397950362
2020-08-23,1371402.6206322552
2020-08-24,1864226.3705456883
2020-08-25,1616790.3840057622
2020-08-26,1947966.6229682304
2020-08-27,2013412.4446154772
2020-08-28,2165612.967719466
2020-08-29,1751538.2608427948
2020-08-30,1753307.7044367052
2020-08-31,2697925.47431122
2020-09-01,2653444.8390494054
2020-09-02,2306329.287014456
2020-09-03,2741473.928778849
2020-09-04,2654809.098372859
2020-09-05,2428545.247330027
2020-09-06,2294692.652075226
2020-09-07,2985927.900431941
2020-09-08,2703153.939851396
2020-09-09,3188715.6297665564
2020-09-10,3493320.23694438
2020-09-11,3130284.862982855
2020-09-12,2593736.732794764
2020-09-13,2620089.0871622055
2020-09-14,2762366.3035074216
2020-09-15,2860061.915580005
2020-09-16,3050638.9733121274
2020-09-17,4143516.666677047
2020-09-18,3787104.81625392
2020-09-19,2860939.874436815
2020-09-20,2360008.569287177
2020-09-21,3456045.3842892456
2020-09-22,2782025.070795326
2020-09-23,2652893.3213329725
2020-09-24,2409206.5700333514
2020-09-25,2838226.512851065
2020-09-26,2385729.1863269415
2020-09-27,2072273.3273457673
2020-09-28,2293688.5248876456
2020-09-29,2586561.9429715737
2020-09-30,2388252.7433228926
2020-10-01,1977666.507376448
2020-10-02,2708626.798297648
2020-10-03,2174249.746517091
2020-10-04,1876623.603780629
2020-10-05,2042046.8102251189
2020-10-06,2176302.673165318
2020-10-07,2110681.875836661
2020-10-08,2022716.0215562857
2020-10-09,2758949.9255976025
2020-10-10,1865861.9233934032
2020-10-11,2133739.1510219164
2020-10-12,2172342.700986224
2020-10-13,2284628.160127564
2020-10-14,2398755.586802342
2020-10-15,2630666.213682497
2020-10-16,2358982.793732284
2020-10-17,2423280.9087780165
2020-10-18,2127428.325315144
2020-10-19,3411624.7821290633
2020-10-20,4199302.328430228
2020-10-21,3812554.203412102
2020-10-22,4039132.91811656
2020-10-23,2741260.4558924325
2020-10-24,1860296.1412399895
2020-10-25,1638908.012212339
2020-10-26,2834831.0521162963
2020-10-27,2503686.578983815
2020-10-28,2662066.381190738
2020-10-29,2437235.1278990773
2020-10-30,2350724.46566804
2020-10-31,1692437.5477049127
2020-11-01,2135583.523147199
2020-11-02,2566363.668793519
2020-11-03,3210188.0381794474
2020-11-04,2044401.5279635924
2020-11-05,3125865.371285359
2020-11-06,3089433.8560195593
2020-11-07,1612472.8196293565
2020-11-08,1499231.5328901578
2020-11-09,2143909.2236318784
2020-11-10,2160265.602293784
2020-11-11,2063545.6685167032
2020-11-12,1961289.448225831
2020-11-13,1578705.4720860084
2020-11-14,1902618.9423037888
2020-11-15,1598945.6849131507
2020-11-16,3618303.617860644
2020-11-17,3030811.519459769
2020-11-18,2930159.471229325
2020-11-19,2378459.7512867227
2020-11-20,2460005.913361768
2020-11-21,1907160.5008421156
2020-11-22,1908302.559880714
2020-11-23,2246648.0285092755
2020-11-24,2346578.308578133
2020-11-25,2212824.7458632644
2020-11-26,2284232.039295348
2020-11-27,1857757.4365958408
2020-11-28,1297738.59879115
2020-11-29,1275997.4580327284
2020-11-30,2254249.7237631045
2020-12-01,2099814.4287362588
2020-12-02,1676105.307223018
2020-12-03,1522633.819732659
2020-12-04,1904552.5280619564
2020-12-05,1525130.2269317054
2020-12-06,1332342.137409278
2020-12-07,1554178.904792339
2020-12-08,1619020.9618214075
2020-12-09,1967186.960053172
2020-12-10,1965927.7990841332
2020-12-11,1421781.0179218298
2020-12-12,1419960.290203357
2020-12-13,1658116.086538404
2020-12-14,2076030.4815688357
2020-12-15,2160315.239577205
2020-12-16,2709597.598903124
2020-12-17,2503111.8315624036
2020-12-18,2435931.47522933
2020-12-19,1665126.049369939
2020-12-20,1323039.9195182463
2020-12-21,1743577.7641969968
2020-12-22,2040795.083998015
2020-12-23,2006004.4564819324
2020-12-24,2115162.4591126535
2020-12-25,2043474.7902727115
2020-12-26,2013537.2721217351
2020-12-27,2514614.6976488405
2020-12-28,1980852.0074605905
2020-12-29,1845946.881811576
2020-12-30,1743500.8467240594
2020-12-31,1945437.0119532992
2021-01-01,1603396.2137116976
2021-01-02,2164453.295742704
2021-01-03,2211805.282375474
2021-01-04,1922521.52090158
2021-01-05,2209914.2060158076
2021-01-06,2131442.7395492857
2021-01-07,2751162.1980613857
2021-01-08,2518905.296970445
2021-01-09,1924128.5592848049
2021-01-10,1802561.284377868
2021-01-11,2438667.9365127706
2021-01-12,2210729.2632828536
2021-01-13,1781868.5424489914
2021-01-14,1934960.557503856
2021-01-15,1735779.466270427
2021-01-16,1699036.9343569635
2021-01-17,1426059.4640880884
2021-01-18,1788904.5764252178
2021-01-19,2111753.333169642
2021-01-20,2021208.163186301
2021-01-21,2210014.3015196673
2021-01-22,2107825.236965114
2021-01-23,1529579.5139759874
2021-01-24,1515699.3507870794
2021-01-25,2313552.772161432
2021-01-26,1703884.0413185
2021-01-27,1995359.1673162316
2021-01-28,2181658.238608856
2021-01-29,2493283.100595151
2021-01-30,1957192.8866911277
2021-01-31,1991251.575630819
2021-02-01,1926362.6797363576
2021-02-02,1924952.595227271
2021-02-03,2065145.6573225637
2021-02-04,2181219.346210263
2021-02-05,1959874.22075536
2021-02-06,2156848.977352035
2021-02-07,2048377.4921070563
2021-02-08,2263658.8845361243
2021-02-09,3400460.2445700103
2021-02-10,2162722.1490840055
2021-02-11,2381722.558182397
2021-02-12,2143548.811255575
2021-02-13,1524496.4088809204
2021-02-14,1989965.4738860675
2021-02-15,2271037.822858814
2021-02-16,2515309.88902975
2021-02-17,2077696.296202234
2021-02-18,2202921.049314571
2021-02-19,2365992.8047458855
2021-02-20,2195460.0205980875
2021-02-21,1784572.2004049867
2021-02-22,1991241.4059263412
2021-02-23,2173494.9447755693
2021-02-24,2121419.752623374
2021-02-25,2313430.1727082557
2021-02-26,2069107.6827487757
2021-02-27,1677568.5346600553
2021-02-28,1732528.4446825883
2021-03-01,1784275.0426643416
2021-03-02,1888598.3906587071
2021-03-03,1875555.605489776
2021-03-04,1518628.3708540269
2021-03-05,1779724.7621046037
2021-03-06,1532927.6924776402
2021-03-07,2131170.9444407476
2021-03-08,1960164.6905253993
2021-03-09,1950759.746582286
2021-03-10,1707223.4466062216
2021-03-11,1686284.525620906
2021-03-12,1403994.234407919
2021-03-13,1198768.626284296
2021-03-14,1310705.0016122293
2021-03-15,1304712.9631716225
2021-03-16,1462311.3711877335
2021-03-17,1459949.3649105476
2021-03-18,1305655.2373274837
2021-03-19,1229178.3602250156
2021-03-20,1141108.221543033
2021-03-21,1111269.2474097142
2021-03-22,1303028.394776777
2021-03-23,1820037.7526845175
2021-03-24,1642262.4595887067
2021-03-25,1714693.320537224
2021-03-26,1455942.7704662743
2021-03-27,1234256.2736862684
2021-03-28,921871.4806203037
2021-03-29,1608390.2359848502
2021-03-30,1498394.3950540042
2021-03-31,1363836.5238960125
2021-04-01,1367155.363143109
2021-04-02,1385175.1391694308
2021-04-03,1343101.899208912
2021-04-04,1158422.7721508534
2021-04-05,1752316.9899715276
2021-04-06,2112936.200079334
2021-04-07,1701486.9072858945
2021-04-08,1502138.7595533524
2021-04-09,1595604.2799944505
2021-04-10,1540955.8423908053
2021-04-11,1369947.8337563388
2021-04-12,1677284.999440597
2021-04-13,1910823.298858516
2021-04-14,1825474.59142734
2021-04-15,1847187.5771458305
2021-04-16,1838170.578444089
2021-04-17,1141728.0913403293
2021-04-18,1655752.753902911
2021-04-19,1279783.3824171573
2021-04-20,1869473.94355634
2021-04-21,1930649.3890010188
2021-04-22,2189518.075817514
2021-04-23,2184878.17228987
2021-04-24,1601340.3717844605
2021-04-25,1637219.907682362
2021-04-26,2153568.7569878516
2021-04-27,2288671.0021766103
2021-04-28,2005694.123905418
2021-04-29,2113534.732219948
2021-04-30,2291090.288178675
2021-05-01,1609084.8921335426
2021-05-02,1492195.7128367196
2021-05-03,2160532.978446957
2021-05-04,2281525.1487654955
2021-05-05,1829464.9849490784
2021-05-06,1809184.201589053
2021-05-07,1940607.4922763945
2021-05-08,1377275.223697923
2021-05-09,1087017.0434825018
2021-05-10,1414063.2161480235
2021-05-11,1205320.6132946522
2021-05-12,1558112.2488245245
2021-05-13,2502521.9177196533
2021-05-14,2291844.6683706567
2021-05-15,1922161.1473690595
2021-05-16,1827949.9628672444
2021-05-17,2587553.5015879567
2021-05-18,1868815.4293386063
2021-05-19,3028422.4864820777
2021-05-20,2852078.7103717336
2021-05-21,2195789.558330042
2021-05-22,2363175.7205573167
2021-05-23,2230242.999971655
2021-05-24,2610428.8167468617
2021-05-25,2289844.615899725
2021-05-26,2222384.34359886
2021-05-27,1982668.8702467163
2021-05-28,2897052.407759485
2021-05-29,2039125.5009289049
2021-05-30,1082550.3020988763
2021-05-31,1126569.5106379518
2021-06-01,1490940.367902361
2021-06-02,1153281.5869881243
2021-06-03,1223004.1311998535
2021-06-04,1028877.2534888064
2021-06-05,765291.5654282721
2021-06-06,1783108.8224150224
2021-06-07,2157358.542782184
2021-06-08,2527319.4607550697
2021-06-09,1325571.052924449
2021-06-10,1412035.3480744276
2021-06-11,1463831.001040689
2021-06-12,1009990.6984393726
2021-06-13,1183321.5124375338
2021-06-14,1487002.278888143
2021-06-15,1403796.12825071
2021-06-16,1608456.6915326284
2021-06-17,1568658.0409144466
2021-06-18,1556124.0473470483
2021-06-19,1079547.083586712
2021-06-20,1277754.7958710135
2021-06-21,1748728.0993405867
2021-06-22,1936916.6581671324
2021-06-23,1822712.0643850984
2021-06-24,1857830.353326233
2021-06-25,2377849.556671677
2021-06-26,1775215.192297923
2021-06-27,1374020.9571261848
2021-06-28,1568948.173757771
2021-06-29,1376609.2013269826
2021-06-30,1238334.3560761532
2021-07-01,1644452.3164745774
2021-07-02,1732809.496393811
2021-07-03,1296389.1614878166
2021-07-04,1587004.7076152116
2021-07-05,1440760.8578943606
2021-07-06,1332945.629839787
2021-07-07,1325686.4933679493
2021-07-08,3251402.8090853877
2021-07-09,3425602.0530440975
2021-07-10,1855040.5895289655
2021-07-11,1858544.099792732
2021-07-12,1676904.1636154528
2021-07-13,1515231.3406751284
2021-07-14,1504272.591367684
2021-07-15,1849483.7770742795
2021-07-16,1829236.3209806392
2021-07-17,1858454.2191117576
2021-07-18,1172816.4185356626
2021-07-19,1798945.0790203237
2021-07-20,1820526.0196784767
2021-07-21,1875543.767030717
2021-07-22,1808323.320646292
2021-07-23,1752077.6797736164
2021-07-24,1502292.7798650577
2021-07-25,1464218.165195532
2021-07-26,2298723.5434574555
2021-07-27,7397981.684517844
2021-07-28,4070288.15811901
2021-07-29,2612465.1141455527
2021-07-30,1811007.7041541955
2021-07-31,2044926.841771315
2021-08-01,3288590.183362305
2021-08-02,2706714.7531851646
2021-08-03,2488175.132468804
2021-08-04,2373221.5531227635
2021-08-05,1837056.0634328253
2021-08-06,2004227.1469750272
2021-08-07,1888212.3147366503
2021-08-08,1756552.9427316815
2021-08-09,1920458.2544779351
2021-08-10,1837738.1573076136
2021-08-11,2256473.3253916935
2021-08-12,1892160.6001472785
2021-08-13,1662561.3585278925
2021-08-14,1747047.1199523583
2021-08-15,1773893.0252111347
2021-08-16,2342566.491913669
2021-08-17,2411529.078434651
2021-08-18,2730229.536729336
2021-08-19,2580776.052760663
2021-08-20,2300800.7630459615
2021-08-21,2424895.858515853
2021-08-22,1809055.8831505936
2021-08-23,3171076.846912781
2021-08-24,8152009.30387915
2021-08-25,4217114.320627692
2021-08-26,4701248.281812728
2021-08-27,3920236.864879635
2021-08-28,3498033.5672179097
2021-08-29,3649542.150278099
2021-08-30,4016524.505739189
2021-08-31,3858631.497890583
2021-09-01,4131376.2110228473
2021-09-02,4193550.727170567
2021-09-03,3019348.47634818
2021-09-04,2784449.2082709754
2021-09-05,2173011.2349828053
2021-09-06,3562101.2749646944
2021-09-07,3817589.215276094
2021-09-08,3319896.377258608
2021-09-09,3844313.127445629
2021-09-10,9990174.840530356
2021-09-11,5579844.2526097195
2021-09-12,4486070.983122285
2021-09-13,10039426.29419657
2021-09-14,11250928.22510068
2021-09-15,3971923.070993763
2021-09-16,4342009.638194258
2021-09-17,3488122.3132882356
2021-09-18,3012660.2516417275
2021-09-19,2509473.337319742
2021-09-20,5600407.119709156
2021-09-21,11240709.132023357
2021-09-22,5028553.567940008
2021-09-23,4366740.344154855
2021-09-24,4244794.6065077465
2021-09-25,5211573.500413885
2021-09-26,3017206.0355365877
2021-09-27,4261128.528784374
2021-09-28,3550791.367180739
2021-09-29,3983314.4597960454
2021-09-30,4383571.244689217
2021-10-01,4456216.004444779
2021-10-02,3210288.2326443335
2021-10-03,3573483.963543816
2021-10-04,3717018.769691592
2021-10-05,4900821.263465611
2021-10-06,4931625.6860101335
2021-10-07,4510651.364560848
2021-10-08,4004225.078015053
2021-10-09,3196245.454006735
2021-10-10,2806333.512513991
2021-10-11,4364851.196116968
2021-10-12,3511729.900635487
2021-10-13,3256483.42741312
2021-10-14,2741066.673931458
2021-10-15,3849193.64901156
2021-10-16,2939943.7528603044
2021-10-17,3239838.2356440756
2021-10-18,4029344.331521206
2021-10-19,11127801.526359117
2021-10-20,4907655.068237914
2021-10-21,4360430.104322672
2021-10-22,3525994.664707556
2021-10-23,2686502.790788141
2021-10-24,2775219.8825832275
2021-10-25,3249563.474102268
2021-10-26,3513661.8233981305
2021-10-27,2920437.258214779
2021-10-28,2958362.9156418713
2021-10-29,3101401.413648257
2021-10-30,3186564.287372836
2021-10-31,2655904.4116832376
2021-11-01,3245911.4347137553
2021-11-02,3526612.352360362
2021-11-03,3402811.470202646
2021-11-04,4212181.034661179
2021-11-05,4333288.324810274
2021-11-06,4347687.674062646
2021-11-07,3457653.307809657
2021-11-08,5855254.9449428385
2021-11-09,4939065.725496436
2021-11-10,4611901.960245483
2021-11-11,3871710.234818285
2021-11-12,4033451.7962219585
2021-11-13,3317164.602504276
2021-11-14,3032269.457738888
2021-11-15,4363614.673325239
2021-11-16,12111675.860512996
2021-11-17,6180491.2711301455
2021-11-18,5502222.269616237
2021-11-19,4604956.969303518
2021-11-20,3506542.0329600484
2021-11-21,3585506.2246095245
2021-11-22,4334430.964369193
2021-11-23,4381844.45336183
2021-11-24,4894575.947618818
2021-11-25,5264444.8353507435
2021-11-26,5023391.637659539
2021-11-27,2901741.32810071
2021-11-28,3215364.790707165
2021-11-29,4154352.0452981344
2021-11-30,4261988.630587518
2021-12-01,3771439.85029266
2021-12-02,3819393.059503735
2021-12-03,3502460.632971945
2021-12-04,4372553.606055833
2021-12-05,2915405.160698457
2021-12-06,5448763.986232192
2021-12-07,5227643.781226649
2021-12-08,4330229.187121821
2021-12-09,3129236.9848604347
2021-12-10,3010302.5240407814
2021-12-11,2570373.6421422786
2021-12-12,2255123.2496314533
2021-12-13,3044860.119744448
2021-12-14,8862769.662685558
2021-12-15,3942779.412639308
2021-12-16,3458450.297340925
2021-12-17,3038603.217944541
2021-12-18,2798827.3070663307
2021-12-19,2379754.541383044
2021-12-20,2965053.1793481456
2021-12-21,2709775.52757867
2021-12-22,3186379.1002782304
2021-12-23,3214607.737065778
2021-12-24,2859457.513032294
2021-12-25,2411011.673237104
2021-12-26,2463062.500946899
2021-12-27,3132093.957033694
2021-12-28,3275690.731367161
2021-12-29,3496397.098998478
2021-12-30,3153503.5049096188
2021-12-31,3186813.090095289
2022-01-01,2315881.3595460686
2022-01-02,2244948.028501955
2022-01-03,3397829.4024286964
2022-01-04,3191635.020520597
2022-01-05,4080367.4251489425
2022-01-06,3800536.5785830296
2022-01-07,3618186.815128567
2022-01-08,2819429.360388602
2022-01-09,2651962.5791724892
2022-01-10,3425558.8293761113
2022-01-11,7366049.453529414
2022-01-12,4649017.362188389
2022-01-13,4276418.502271515
2022-01-14,3870686.161411469
2022-01-15,3947497.416968885
2022-01-16,3778329.067226892
2022-01-17,3718675.87983561
2022-01-18,4353080.97296091
2022-01-19,3766636.232506605
2022-01-20,3530846.4320368627
2022-01-21,5170218.118375935
2022-01-22,6382051.784132126
2022-01-23,5712572.955759219
2022-01-24,6746078.391951279
2022-01-25,5673556.2357643815
2022-01-26,4148940.092318634
2022-01-27,3990330.0797059
2022-01-28,4246151.288830016
2022-01-29,3909486.618842624
2022-01-30,3771459.042280025
2022-01-31,3931379.013667263
2022-02-01,3896197.7763935393
2022-02-02,3335079.0414780513
2022-02-03,3608398.681465243
2022-02-04,4479684.049202698
2022-02-05,3530466.1483401367
2022-02-06,3046303.609182887
2022-02-07,4719355.74290554
2022-02-08,11957138.876647493
2022-02-09,5388473.661160568
2022-02-10,5358161.687895761
2022-02-11,3919197.42654084
2022-02-12,3186538.528201766
2022-02-13,3288531.5820301943
2022-02-14,3957897.445265183
2022-02-15,3425575.576609511
2022-02-16,3913108.632183554
2022-02-17,3664305.816617879
2022-02-18,3922024.418469786
2022-02-19,3223183.094929328
2022-02-20,3411589.0902394024
2022-02-21,4987413.6427289685
2022-02-22,4756839.957879695
2022-02-23,3597031.7363075987
2022-02-24,4283223.897380714
2022-02-25,4323350.108244295
2022-02-26,3127279.399220422
2022-02-27,2944240.9739623694
2022-02-28,4322021.623452314
2022-03-01,4987587.416539646
2022-03-02,3629538.7098137247
2022-03-03,3945266.274588509
2022-03-04,3555251.860971185
2022-03-05,2616672.691551767
2022-03-06,2764429.344985245
2022-03-07,3589195.557937871
2022-03-08,8872860.88592986
2022-03-09,7533865.344678688
2022-03-10,4892503.755380897
2022-03-11,4127599.072457916
2022-03-12,3409279.418202022
2022-03-13,3471559.7855672208
2022-03-14,4364034.51608986
2022-03-15,3666648.66891235
2022-03-16,4174563.629012115
2022-03-17,4107138.756632428
2022-03-18,3376443.662165391
2022-03-19,3631155.299323481
2022-03-20,2497434.717401906
2022-03-21,4501419.76668248
2022-03-22,3615218.6459022346
2022-03-23,3333457.0345256096
2022-03-24,3540391.7314428156
2022-03-25,4223371.807955236
2022-03-26,3316818.7526846156
2022-03-27,3293481.1987170065
2022-03-28,4739013.594120078
2022-03-29,4449903.516454739
2022-03-30,3680077.071510629
2022-03-31,3918935.8536600834
2022-04-01,3434271.0680333837
2022-04-02,4019035.007102952
2022-04-03,2946637.783995529
2022-04-04,3541538.8632988413
2022-04-05,7671351.704177906
2022-04-06,6304541.087025628
2022-04-07,5536026.916361451
2022-04-08,4946555.409587493
2022-04-09,3337379.6858957494
2022-04-10,3396073.771195064
2022-04-11,5731184.872350273
2022-04-12,5024041.897277641
2022-04-13,5150151.352804898
2022-04-14,5494127.011356348
2022-04-15,4131532.485692721
2022-04-16,3189433.8738728925
2022-04-17,3340442.550097964
2022-04-18,5409895.653704382
2022-04-19,4972505.232813409
2022-04-20,4249194.947553279
2022-04-21,5470603.307709645
2022-04-22,5495355.369248311
2022-04-23,4701306.226342195
2022-04-24,5282577.837335631
2022-04-25,8085468.213699937
2022-04-26,7555584.969795853
2022-04-27,6798134.088297998
2022-04-28,6930073.819942506
2022-04-29,5369885.747566994
2022-04-30,3764940.323517184
2022-05-01,4016733.5354354414
2022-05-02,6371776.480039582
2022-05-03,8811113.308480665
2022-05-04,6270271.115546292
2022-05-05,9970430.179964893
2022-05-06,8436799.32906585
2022-05-07,4296760.6247344455
2022-05-08,5062090.260256062
2022-05-09,7906603.444909503
2022-05-10,8493874.495637178
2022-05-11,7324110.04253046
2022-05-12,10019859.369699731
2022-05-13,6761876.7016286785
2022-05-14,4601287.417832917
2022-05-15,2799935.7540684324
2022-05-16,4542247.635733249
2022-05-17,4023776.742210054
2022-05-18,2943905.906281481
2022-05-19,2753286.5850157957
2022-05-20,2433751.509894325
2022-05-21,1526229.1838886165
2022-05-22,1189443.3733409487
2022-05-23,2112390.008140285
2022-05-24,2564577.4340816108
2022-05-25,1932187.512740323
2022-05-26,2321169.076322242
2022-05-27,2809906.8668479724
2022-05-28,1574808.3837342055
2022-05-29,1508386.053168218
2022-05-30,2255369.048189984
2022-05-31,4503324.897421237
2022-06-01,3524202.9690631144
2022-06-02,2253835.3527373336
2022-06-03,2018440.188476088
2022-06-04,1320781.9694149306
2022-06-05,1514488.2626298196
2022-06-06,2225862.4879331454
2022-06-07,2490565.227489953
2022-06-08,1886979.2493481557
2022-06-09,1638041.460624255
2022-06-10,2415167.275173259
2022-06-11,2215293.909529822
2022-06-12,2365067.872105727
2022-06-13,7950792.166935221
2022-06-14,13699201.286760954
2022-06-15,17685861.218543466
2022-06-16,13439083.637873286
2022-06-17,11710881.064843578
2022-06-18,10560717.105945444
2022-06-19,5043012.149583781
2022-06-20,4424192.444247196
2022-06-21,4176311.885708452
2022-06-22,3246047.319070814
2022-06-23,2934106.2148207603
2022-06-24,3655204.2786163543
2022-06-25,1769259.0302856842
2022-06-26,1372513.5461837812
2022-06-27,2980504.0852102228
2022-06-28,3984964.216743564
2022-06-29,4626676.379342954
2022-06-30,4723524.188410398
2022-07-01,4991768.387879735
2022-07-02,3320258.447381267
2022-07-03,3337707.842693124
2022-07-04,3652243.870568004
2022-07-05,3655744.988303669
2022-07-06,3365689.613227159
2022-07-07,2641134.5626791795
2022-07-08,3743320.127586126
2022-07-09,2403375.761165816
2022-07-10,1801928.337839187
2022-07-11,4630750.7153260335
2022-07-12,4606410.647371236
2022-07-13,5325507.670947687
2022-07-14,3178632.39913464
2022-07-15,3610616.4632015377
2022-07-16,2729080.9262398053
2022-07-17,1709406.4180747587
2022-07-18,3309147.2064183163
2022-07-19,3326550.272127154
2022-07-20,2573993.500964621
2022-07-21,3759916.702396237
2022-07-22,3237588.5031510214
2022-07-23,2654289.091787272
2022-07-24,1699845.6369709196
2022-07-25,3753288.8881868296
2022-07-26,5210200.533501431
2022-07-27,3749740.110883333
2022-07-28,3178041.8131235903
2022-07-29,3425362.2152062766
2022-07-30,1805369.2393478816
2022-07-31,1566853.9576974483
2022-08-01,3451792.690272312
2022-08-02,3848350.0719659138
2022-08-03,4346314.72139846
2022-08-04,3705608.540538079
2022-08-05,4429126.362053216
2022-08-06,2376954.013019606
2022-08-07,1245601.1011729778
2022-08-08,5535643.639714604
2022-08-09,3982542.211739573
2022-08-10,4707647.916283882
2022-08-11,3822312.045913875
2022-08-12,2556005.268895124
2022-08-13,1766078.3451012822
2022-08-14,1232189.9675736786
2022-08-15,3447594.1144452193
2022-08-16,3290019.375942128
2022-08-17,3486262.9541284684
2022-08-18,2472311.307709068
2022-08-19,4540414.320883608
2022-08-20,4251579.265391692
2022-08-21,2235957.7253973833
2022-08-22,5140360.63634013
2022-08-23,5178174.48151587
2022-08-24,3602882.929386728
2022-08-25,3252453.4203076763
2022-08-26,2905835.770471331
2022-08-27,2997839.6654565064
2022-08-28,1801926.9700546167
2022-08-29,3703055.5399273834
2022-08-30,3449140.856145006
2022-08-31,4242118.662207318
2022-09-01,4197325.022564245
2022-09-02,3912131.595785496
2022-09-03,1971909.483644446
2022-09-04,2520344.7297812453
2022-09-05,4359954.353953268
2022-09-06,6433456.75445262
2022-09-07,5792815.361628444
2022-09-08,4935443.096167318
2022-09-09,4131765.663908668
2022-09-10,2332596.900838978
2022-09-11,1309161.356705137
2022-09-12,2424473.589455792
2022-09-13,2854240.2616934623
2022-09-14,4575128.29641882
2022-09-15,4070145.883629956
2022-09-16,3118813.4483982488
2022-09-17,1862224.1661838284
2022-09-18,1959548.7609477155
2022-09-19,4848041.567004029
2022-09-20,4501260.7516595125
2022-09-21,4653045.127716519
2022-09-22,3468487.3327136566
2022-09-23,2872055.0901027084
2022-09-24,1573602.1006089486
2022-09-25,1805999.893671144
2022-09-26,3041921.6551333037
2022-09-27,2802125.310309138
2022-09-28,3245541.848859748
2022-09-29,2775712.7277221647
2022-09-30,2587327.687655887
2022-10-01,1450113.1618801192
2022-10-02,1197649.4389986398
2022-10-03,2421937.1087675253
2022-10-04,2470136.433384029
2022-10-05,2144871.821332041
2022-10-06,1718745.064993171
2022-10-07,1779581.6874984638
2022-10-08,1452643.7094669903
2022-10-09,1512885.741051015
2022-10-10,2316428.003941476
2022-10-11,2655452.170246279
2022-10-12,2379349.684720743
2022-10-13,2738882.9441652996
2022-10-14,1979394.524742859
2022-10-15,897539.1078840513
2022-10-16,836631.3579371872
2022-10-17,1527703.4443137392
2022-10-18,2248936.216591104
2022-10-19,2344968.418260424
2022-10-20,1777927.965661052
2022-10-21,1862711.191530962
2022-10-22,1261099.294643949
2022-10-23,1297836.7858057516
2022-10-24,1844797.6466453776
2022-10-25,1891425.340954984
2022-10-26,2570391.3850524626
2022-10-27,2653049.6426012316
2022-10-28,1819986.147359374
2022-10-29,1846580.7331104984
2022-10-30,1323024.3160765
2022-10-31,2101561.4841118557
2022-11-01,2112775.542126166
2022-11-02,2461202.9228104325
2022-11-03,3427399.934423203
2022-11-04,3677486.708537386
2022-11-05,1912637.8599863176
2022-11-06,3904182.570971956
2022-11-07,3924826.372319456
2022-11-08,2127550.488696613
2022-11-09,3710317.251600004
2022-11-10,3918655.7651363993
2022-11-11,4083747.7806559545
2022-11-12,2511160.2204935485
2022-11-13,3371576.6816561674
2022-11-14,3181831.0516961063
2022-11-15,2704574.949456217
2022-11-16,2197904.1846294017
2022-11-17,1608293.9950869407
2022-11-18,1797707.168834353
2022-11-19,1188723.0113534098
2022-11-20,1633639.7550753946
2022-11-21,1744871.1383014452
2022-11-22,1528416.0096948573
2022-11-23,1271249.922801923
2022-11-24,929311.3968511923
2022-11-25,1517766.1015952455
2022-11-26,794920.3345765442
2022-11-27,693341.9995760687
2022-11-28,988137.3833619938
2022-11-29,943505.6675236494
2022-11-30,867578.712561914
2022-12-01,891519.367442129
2022-12-02,814875.1287351571
2022-12-03,686948.1327285091
2022-12-04,561992.0040751582
2022-12-05,922708.7354684426
2022-12-06,806304.5718507229
2022-12-07,894608.8607571822
2022-12-08,942080.832787586
2022-12-09,881416.3850032636
2022-12-10,675374.8720834216
2022-12-11,629574.6375548412
2022-12-12,869451.699343001
2022-12-13,1262929.2437165785
2022-12-14,1372297.6011682807
2022-12-15,1035331.2315554506
2022-12-16,1122824.3291111407
2022-12-17,788260.7326860706
2022-12-18,707201.717852375
2022-12-19,1048878.135590823
2022-12-20,992503.2210049292
2022-12-21,864794.505277045
2022-12-22,821592.263027596
2022-12-23,884534.8023663283
2022-12-24,605647.1398725724
2022-12-25,575331.1691897305
2022-12-26,659881.7812890987
2022-12-27,741006.8047307775
2022-12-28,873018.2612190844
2022-12-29,869143.2756851362
2022-12-30,886838.7021504453
2022-12-31,626344.3208336479
2023-01-01,557067.332262394
2023-01-02,687118.9776571828
2023-01-03,826711.6094618037
2023-01-04,873364.0109654499
2023-01-05,880423.9940730534
2023-01-06,996723.0636320309
2023-01-07,746382.9465509554
2023-01-08,713516.5269486653
2023-01-09,1053342.293093283
2023-01-10,976337.6001155048
2023-01-11,861426.9800475255
2023-01-12,1084938.9204250053
2023-01-13,1086017.611230299
2023-01-14,923781.2199786324
2023-01-15,752455.5370939483
2023-01-16,828838.3479693823
2023-01-17,1006166.2339713434
2023-01-18,900026.6785086121
2023-01-19,814820.2785567177
2023-01-20,827030.5738233835
2023-01-21,838929.5034871416
2023-01-22,650097.114125325
2023-01-23,848769.1028921938
2023-01-24,759210.1265135878
2023-01-25,847506.3279130658
2023-01-26,784070.9508340667
2023-01-27,789086.1864345849
2023-01-28,517435.0475324572
2023-01-29,573135.4241984705
2023-01-30,924370.823439952
2023-01-31,908323.2859659084
2023-02-01,911899.7637717148
2023-02-02,776455.8471580569
2023-02-03,809822.7737551205
2023-02-04,507403.12963310286
2023-02-05,540584.5652039285
2023-02-06,671736.8866659637
2023-02-07,630915.6804094125
2023-02-08,659626.1379652941
2023-02-09,828184.7830230664
2023-02-10,1382005.017688827
2023-02-11,834625.6894330408
2023-02-12,699951.654461246
2023-02-13,872938.391430793
2023-02-14,764498.9395732475
2023-02-15,814499.2646493865
2023-02-16,1009943.341510831
2023-02-17,930402.371133152
2023-02-18,606231.260338933
2023-02-19,498507.2752584315
2023-02-20,698279.6512245615
2023-02-21,835617.7136777074
2023-02-22,813277.0999975661
2023-02-23,840061.7218984256
2023-02-24,850392.1135070135
2023-02-25,569976.5627770093
2023-02-26,550687.8074531516
2023-02-27,762396.4265359509
2023-02-28,840027.3876563639
2023-03-01,843483.4423087206
2023-03-02,818901.8536589129
2023-03-03,951626.1473830348
2023-03-04,574022.9648788829
2023-03-05,583585.3670274826
2023-03-06,769803.719008818
2023-03-07,933882.0142559492
2023-03-08,868038.8880111082
2023-03-09,844190.9544382605
2023-03-10,996440.5874226228
2023-03-11,939584.3290062778
2023-03-12,669286.141021785
2023-03-13,1160391.5569376382
2023-03-14,1168826.667879912
2023-03-15,983348.8119349884
2023-03-16,863763.3500342907
2023-03-17,1149279.6105812483
2023-03-18,785430.403832501
2023-03-19,885659.792759561
2023-03-20,1314125.8818504857
2023-03-21,1158929.578828573
2023-03-22,1050567.9442643155
2023-03-23,1044625.1635736704
2023-03-24,1093192.698290044
2023-03-25,741608.2616849393
2023-03-26,736387.1193340364
2023-03-27,1118894.8762678185
2023-03-28,1145221.3420200294
2023-03-29,1120186.1227902586
2023-03-30,1514168.42260279
2023-03-31,1077365.2317676176
2023-04-01,787630.2735557841
2023-04-02,753672.8191899671
2023-04-03,1064866.0830620634
2023-04-04,1098520.0570018173
2023-04-05,1117417.629261955
2023-04-06,1031407.781135328
2023-04-07,772690.6651893914
2023-04-08,583223.4414883022
2023-04-09,591051.8908094617
2023-04-10,947863.3777688832
2023-04-11,963260.8709968252
2023-04-12,1182479.7309788892
2023-04-13,778872.4000004624
2023-04-14,1029306.275224179
2023-04-15,768118.8016758239
2023-04-16,634651.9199273577
2023-04-17,1100206.0671141814
2023-04-18,799434.5492856022
2023-04-19,786134.4406258309
2023-04-20,788964.6979591247
2023-04-21,838265.8303889454
2023-04-22,553571.7770469534
2023-04-23,487623.2553658754
2023-04-24,815330.5543160394
2023-04-25,797672.5708803484
2023-04-26,897233.8573899134
2023-04-27,869057.0062128896
2023-04-28,863516.8474436153
2023-04-29,589539.4343604173
2023-04-30,676938.3538977067
2023-05-01,816867.80037674
2023-05-02,673165.5041069923
2023-05-03,951363.8871065668
2023-05-04,838973.7156321363
2023-05-05,821755.2957860519
2023-05-06,872788.127934755
2023-05-07,1020109.309876
2023-05-08,800540.696421211
2023-05-09,745971.0085325907
2023-05-10,847529.6317737019
2023-05-11,854687.5777519386
2023-05-12,961567.3125304152
2023-05-13,527760.2436363552
2023-05-14,521803.0704965116
2023-05-15,718574.0874533715
2023-05-16,884090.8603749563
2023-05-17,836811.1948932902
2023-05-18,834936.154466927
2023-05-19,731605.8663496075
2023-05-20,488585.64961757895
2023-05-21,532324.9063328151
2023-05-22,837237.7582461869
2023-05-23,948190.1385855929
2023-05-24,991723.4285446508
2023-05-25,849143.1488337782
2023-05-26,720918.5863451165
2023-05-27,541931.8974443405
2023-05-28,630627.1936986909
2023-05-29,880581.2657687835
2023-05-30,1012502.265339876
2023-05-31,1390860.7624147716
2023-06-01,1100258.0897132698
2023-06-02,1256071.1651489728
2023-06-03,819875.2366021198
2023-06-04,962564.3928059012
2023-06-05,1536383.675306426
2023-06-06,1353634.713884442
2023-06-07,1020736.891814562
2023-06-08,1059386.5714597565
2023-06-09,1118985.1425051205
2023-06-10,1031633.6773464434
2023-06-11,1025490.6997306608
2023-06-12,1167701.6224063758
2023-06-13,1001925.9582235044
2023-06-14,960062.1867403256
2023-06-15,931644.1196554066
2023-06-16,992766.0933379089
2023-06-17,677173.3202912217
2023-06-18,755464.6991560179
2023-06-19,957852.9124955928
2023-06-20,1060969.171650034
2023-06-21,1219055.77862459
2023-06-22,1175385.9885338095
2023-06-23,1059356.207418044
2023-06-24,729531.7530779238
2023-06-25,776166.1887162057
2023-06-26,1042169.6958935944
2023-06-27,989993.555701595
2023-06-28,931843.2289083636
2023-06-29,1141335.525933798
2023-06-30,1147700.6111096763
2023-07-01,760626.7491408052
2023-07-02,589951.4184571125
2023-07-03,929045.208527094
2023-07-04,877207.5105269701
2023-07-05,843727.5042979434
2023-07-06,928908.8471467932
2023-07-07,924497.338368768
2023-07-08,708110.538873335
2023-07-09,721745.7382179768
2023-07-10,913774.637453016
2023-07-11,815970.1876022136
2023-07-12,904499.0041863366
2023-07-13,930321.1689789484
2023-07-14,946356.1511906988
2023-07-15,680788.2195990614
2023-07-16,686696.6677355781
2023-07-17,865536.8885895377
2023-07-18,1109685.064746847
2023-07-19,894747.3018870612
2023-07-20,864106.069914619
2023-07-21,744311.1848481537
2023-07-22,526723.2991480043
2023-07-23,535511.3570369008
2023-07-24,752843.9563626994
2023-07-25,691905.0381751502
2023-07-26,701005.7520180536
2023-07-27,739623.5062808398
2023-07-28,786619.9205024065
2023-07-29,536663.1513000766
2023-07-30,625826.0802420053
2023-07-31,797988.1651391743
2023-08-01,757590.1896860533
2023-08-02,689168.2335844436
2023-08-03,690635.5035073283
2023-08-04,660473.318010671
2023-08-05,581305.9063528628
2023-08-06,505741.6315525863
2023-08-07,894423.968834785
2023-08-08,898828.7357188861
2023-08-09,873150.8440148145
2023-08-10,941072.4194874854
2023-08-11,818625.1948242271
2023-08-12,735684.3152142507
2023-08-13,623711.5013007269
2023-08-14,858431.9676072722
2023-08-15,802670.9238196025
2023-08-16,911735.1443696148
2023-08-17,1218979.2684066624
2023-08-18,1007438.471284616
2023-08-19,663964.7805194064
2023-08-20,603806.4123802828
2023-08-21,1018065.9101324097
2023-08-22,1052524.29717635
2023-08-23,1064131.316912779
2023-08-24,860217.3442902141
2023-08-25,782152.4920206256
2023-08-26,578582.579021297
2023-08-27,787372.4156331917
2023-08-28,906625.1624644278
2023-08-29,996346.5106168978
2023-08-30,996724.594399168
2023-08-31,819757.2092510327
2023-09-01,928169.1347861828
2023-09-02,606921.5389349965
2023-09-03,485496.14223332715
2023-09-04,647188.8686016449
2023-09-05,710722.9375608144
2023-09-06,697201.7018977725
2023-09-07,696458.6362341515
2023-09-08,644500.1684341887
2023-09-09,551899.9279059257
2023-09-10,637600.8716637564
2023-09-11,735758.9171780561
2023-09-12,819176.0997951363
2023-09-13,674613.8558888587
2023-09-14,766395.1866184828
2023-09-15,862601.821892855
2023-09-16,646453.4051869381
2023-09-17,579312.6680833617
2023-09-18,786799.8709506921
2023-09-19,857700.7318293995
2023-09-20,934869.1977800952
2023-09-21,713940.1414752995
2023-09-22,641040.2709766598
2023-09-23,475221.1890916567
2023-09-24,484248.7905176981
2023-09-25,817480.6791258983
2023-09-26,663249.4261004181
2023-09-27,761678.5738837138
2023-09-28,811180.6621705698
2023-09-29,889802.4018919835
2023-09-30,653579.8884727863
2023-10-01,555174.5091978626
2023-10-02,1106424.6598192258
2023-10-03,839377.0868773581
2023-10-04,982241.5967700148
2023-10-05,1075503.1105322605
2023-10-06,1060461.4885922582
2023-10-07,808983.5326528918
2023-10-08,633374.1145192062
2023-10-09,749422.1336482924
2023-10-10,832238.8224496931
2023-10-11,875875.9047509906
2023-10-12,760762.37414114
2023-10-13,648945.8177091569
2023-10-14,723954.052875498
2023-10-15,521404.4774855384
2023-10-16,980831.3438038467
2023-10-17,871217.822683054
2023-10-18,824492.3992597901
2023-10-19,863816.6159477646
2023-10-20,1023733.3276250362
2023-10-21,635750.1866666463
2023-10-22,635943.4782376734
2023-10-23,1143455.3357889275
2023-10-24,1449118.6271524176
2023-10-25,1043657.6191705395
2023-10-26,930192.4649175464
2023-10-27,866540.942920581
2023-10-28,624077.5307340743
2023-10-29,632022.7348626802
2023-10-30,971381.7090326692
2023-10-31,794305.524227686
2023-11-01,841010.4788962676
2023-11-02,841099.2868209039
2023-11-03,844764.9940459207
2023-11-04,620931.6840370293
2023-11-05,548298.5720350201
2023-11-06,779204.661944023
2023-11-07,794109.7030101281
2023-11-08,860092.4473477625
2023-11-09,1099687.9005164949
2023-11-10,842257.7705804303
2023-11-11,691936.2820149093
2023-11-12,615510.886602048
2023-11-13,787410.0338639724
2023-11-14,940829.7244883642
2023-11-15,830435.4208050476
2023-11-16,870584.592796781
2023-11-17,753044.601033206
2023-11-18,489096.77649118187
2023-11-19,563125.2194799593
2023-11-20,935653.867484618
2023-11-21,961211.3931708874
2023-11-22,926218.3601648696
2023-11-23,718858.501290789
2023-11-24,893910.9051773447
2023-11-25,644465.7944047297
2023-11-26,673446.2799108957
2023-11-27,851459.6800966004
2023-11-28,818304.8082198857
2023-11-29,877558.2599001294
2023-11-30,892629.060238434
2023-12-01,1034559.7587734926
2023-12-02,752228.6714345356
2023-12-03,735900.05887303
2023-12-04,1103651.3883924994
2023-12-05,981031.4626103486
2023-12-06,1015781.2034854848
2023-12-07,883608.2120218133
2023-12-08,988756.835160918
2023-12-09,620138.3338936784
2023-12-10,542429.625018812
2023-12-11,989249.9823570076
2023-12-12,933081.9649746428
2023-12-13,843132.1754219589
2023-12-14,832528.1601530511
2023-12-15,762714.3224830151
2023-12-16,562623.870095735
2023-12-17,439251.4840201639
2023-12-18,761507.3940890749
2023-12-19,739339.040509857
2023-12-20,818436.5928003542
2023-12-21,739898.9721038195
2023-12-22,841910.2517605287
2023-12-23,455025.33540234866
2023-12-24,556013.3628918806
2023-12-25,483294.8998189989
2023-12-26,792402.6290276292
2023-12-27,769805.8112292612
2023-12-28,699797.5575179269
2023-12-29,814091.9117819318
2023-12-30,623064.0192605776
2023-12-31,576558.8346982774
2024-01-01,531084.150002183
2024-01-02,849250.0971626521
2024-01-03,859376.1049896787
2024-01-04,1054460.9662835132
2024-01-05,786108.938876529
2024-01-06,562957.5240340626
2024-01-07,574159.1902165897
2024-01-08,847723.8606858483
2024-01-09,1141429.2030418406
2024-01-10,1314482.10716057
2024-01-11,1151912.7137586211
2024-01-12,1449244.7128505434
2024-01-13,710384.3723402618
2024-01-14,505892.7215943405
2024-01-15,707262.5146202807
2024-01-16,921548.5755652138
2024-01-17,1212120.662493968
2024-01-18,1135734.6767541606
2024-01-19,943842.375000512
2024-01-20,531929.0963277022
2024-01-21,569630.8010361745
2024-01-22,1101199.699350643
2024-01-23,975329.3845440864
2024-01-24,1109813.94372324
2024-01-25,1011347.0135909268
2024-01-26,1068360.6572443764
2024-01-27,644834.4978352997
2024-01-28,453363.4307940763
2024-01-29,914777.7265904124
2024-01-30,1131865.1352119178
2024-01-31,1364459.5450457225
2024-02-01,979837.4399123548
2024-02-02,855293.3445844336
2024-02-03,598002.5880065892
2024-02-04,543747.42923018
2024-02-05,848422.4388140986
2024-02-06,931934.0951972706
2024-02-07,845276.0410852857
2024-02-08,960367.871170754
2024-02-09,1044842.7979372652
2024-02-10,628824.7202395606
2024-02-11,637272.3414517256
2024-02-12,972033.8426406132
2024-02-13,1073805.9426457302
2024-02-14,1231205.9039881432
2024-02-15,977279.7990115772
2024-02-16,935832.0518549574
2024-02-17,559779.518774678
2024-02-18,575882.3368064534
2024-02-19,829201.649221486
2024-02-20,999200.0462741652
2024-02-21,1026772.2064864694
2024-02-22,915552.6325839016
2024-02-23,800371.3236551008
2024-02-24,533906.6236928316
2024-02-25,540581.5104896213
2024-02-26,971510.2018384472
2024-02-27,1246634.4317713974
2024-02-28,1541489.950014674
2024-02-29,1357774.0425646154
2024-03-01,1184688.5218418953
2024-03-02,597338.5521600866
2024-03-03,637045.2390227353
2024-03-04,1219310.001088403
2024-03-05,1677292.222257344
2024-03-06,1421341.484705191
2024-03-07,1244924.7770505026
2024-03-08,1202203.516032886
2024-03-09,678901.1819126946
2024-03-10,724387.0443092716
2024-03-11,1357921.6182553242
2024-03-12,1382859.4734645602
2024-03-13,1627008.3209837596
2024-03-14,1276449.595494698
2024-03-15,1154363.7750182091
2024-03-16,633026.2899487747
2024-03-17,685357.2176875502
2024-03-18,961901.2760127294
2024-03-19,1101740.7936961667
2024-03-20,1108934.467963165
2024-03-21,871242.750582892
2024-03-22,880810.1617420147
2024-03-23,716711.751343478
2024-03-24,513831.8262454762
2024-03-25,1250324.7156639514
2024-03-26,1161761.7147320576
2024-03-27,986508.1232951462
2024-03-28,973794.8752496778
2024-03-29,923032.0879918452
2024-03-30,521174.1482708109
2024-03-31,456585.3620824828
2024-04-01,1263750.226032886
2024-04-02,1089895.5793250247
2024-04-03,909993.117184391
2024-04-04,864699.4180967722
2024-04-05,962527.077391784
2024-04-06,598971.9242774997
2024-04-07,554943.0491644463
2024-04-08,982666.1872262182
2024-04-09,837041.0116765995
2024-04-10,773781.9075290214
2024-04-11,814237.4967663351
2024-04-12,798696.518338781
2024-04-13,639675.4301236746
2024-04-14,671643.7468091047
2024-04-15,938408.6540706648
2024-04-16,1028539.245072605
2024-04-17,997095.9200815054
2024-04-18,989107.8511690224
2024-04-19,811798.4458473901
2024-04-20,385320.26131779834
2024-04-21,478617.1525639392
2024-04-22,694754.651477748
2024-04-23,734569.3476622122
2024-04-24,786167.0132848818
2024-04-25,623466.7653213254
2024-04-26,775414.5050077859
2024-04-27,556508.2032154301
2024-04-28,564091.449594405
2024-04-29,772271.543126716
2024-04-30,951488.341027611
2024-05-01,885510.477641098
2024-05-02,737934.5485675323
2024-05-03,690669.3956427871
2024-05-04,453619.31428210885
2024-05-05,443545.8657967085
2024-05-06,672642.9736580598
2024-05-07,699999.1728698713
2024-05-08,666491.1822600901
2024-05-09,699636.2332559319
2024-05-10,707254.0318148361
2024-05-11,434192.2329474505
2024-05-12,493696.6102884302
2024-05-13,772143.4784021802
2024-05-14,693098.2529934052
2024-05-15,837756.1477849804
2024-05-16,884191.8645504088
2024-05-17,833209.9909068157
2024-05-18,531982.4311212555
2024-05-19,541525.7763579146
2024-05-20,806174.3340875941
2024-05-21,983217.5757719928
2024-05-22,766462.853981051
2024-05-23,650563.4271773113
2024-05-24,641425.4503193916
2024-05-25,362406.7179701254
2024-05-26,510608.8992151619
2024-05-27,574537.6935324619
2024-05-28,1030833.9823394106
2024-05-29,717712.5177684043
2024-05-30,714630.5404810873
2024-05-31,850516.0998206746
2024-06-01,433918.7695938534
2024-06-02,582840.2343406326
2024-06-03,908664.9577310736
2024-06-04,856833.8320920762
2024-06-05,998685.739414939
2024-06-06,775250.5133083627
2024-06-07,680416.2605223764
2024-06-08,509698.922983565
2024-06-09,414392.0460083305
2024-06-10,679422.5458353678
2024-06-11,827148.9417821423
2024-06-12,674759.9275755116
2024-06-13,580183.9919652672
2024-06-14,729399.2524299124
2024-06-15,474185.7749722556
2024-06-16,454814.5450382533
2024-06-17,758472.3915369599
2024-06-18,821008.8260452361
2024-06-19,609746.9702756439
2024-06-20,628069.2379212937
2024-06-21,690343.1010582402
2024-06-22,359700.48632529244
2024-06-23,353770.2179674989
2024-06-24,925990.5733968756
2024-06-25,623516.001908275
2024-06-26,715028.2460590538
2024-06-27,1233709.8578172876
2024-06-28,769974.2814501364
2024-06-29,453278.1154200645
2024-06-30,373215.58124920074
2024-07-01,664824.9094207407
2024-07-02,634181.7302529368
2024-07-03,737649.903165091
2024-07-04,877950.0856658455
2024-07-05,985468.7603002188
2024-07-06,538826.2525571422
2024-07-07,533550.1174036232
2024-07-08,935000.1551629842
2024-07-09,824292.2881126952
2024-07-10,844390.2236383794
2024-07-11,797491.7239768648
2024-07-12,737689.7545291341
2024-07-13,539295.236907781
2024-07-14,546352.0973618035
2024-07-15,949798.7348089383
2024-07-16,1134659.5369925136
2024-07-17,829500.0765502488
2024-07-18,533194.4690520968
2024-07-19,771739.4505843178
2024-07-20,561826.616081152
2024-07-21,471373.39699835575
2024-07-22,815937.4946262932
2024-07-23,973410.9132304032
2024-07-24,745063.0967000404
2024-07-25,751925.9667200702
2024-07-26,601086.6006133643
2024-07-27,578532.6297704261
2024-07-28,375782.4973593945
2024-07-29,896257.3144037754
2024-07-30,972379.7669231046
2024-07-31,997889.2028141296
2024-08-01,788137.9786033568
2024-08-02,1120076.901190885
2024-08-03,467914.8866632341
2024-08-04,592390.125489552
2024-08-05,1370350.9497311546
2024-08-06,978189.0008762768
2024-08-07,937516.4679963784
2024-08-08,859135.9292223909
2024-08-09,892589.6714940596
2024-08-10,526274.100263021
2024-08-11,584557.931587841
2024-08-12,833850.8439280546
2024-08-13,896759.4993924444
2024-08-14,923991.5116174665
2024-08-15,714878.2601329201
2024-08-16,701799.7184806219
2024-08-17,405116.2983378342
2024-08-18,451915.53168809536
2024-08-19,849720.353683547
2024-08-20,830009.6634203588
2024-08-21,781119.8391507821
2024-08-22,765833.869082293
2024-08-23,896157.7622464913
2024-08-24,562329.3162806712
2024-08-25,495582.6330328778
2024-08-26,772019.2490151818
2024-08-27,1105505.3645173218
2024-08-28,998514.3397864904
2024-08-29,776508.8093392404
2024-08-30,722284.1211368316
2024-08-31,406793.945279639
2024-09-01,818583.1489947678
2024-09-02,727106.5901439863
2024-09-03,981662.620964347
2024-09-04,939135.9779528662
2024-09-05,843929.2857137045
2024-09-06,909143.94937774
2024-09-07,459439.5357786654
2024-09-08,541227.7433864755
2024-09-09,900739.6685396094
2024-09-10,1390978.7504865625
2024-09-11,1247406.4959816544
2024-09-12,1056147.749002315
2024-09-13,1159566.175678689
2024-09-14,671503.56581834
2024-09-15,584990.2480000239
2024-09-16,936148.3291176588
2024-09-17,847849.2549602628
2024-09-18,824060.477294145
2024-09-19,878617.918176683
2024-09-20,980010.4798542134
2024-09-21,415896.3973294178
2024-09-22,409556.78358135984
2024-09-23,752214.3509765241
2024-09-24,835934.2250878342
2024-09-25,816864.2504929238
2024-09-26,841504.9019745147
2024-09-27,807629.0527876107
2024-09-28,462447.36368116224
2024-09-29,489295.6332156256
2024-09-30,986218.9624079608
2024-10-01,901439.0871405172
2024-10-02,793759.0977704676
2024-10-03,885924.1692823414
2024-10-04,803081.1071951699
2024-10-05,421546.6618481743
2024-10-06,562927.3264257278
2024-10-07,999221.2514549243
2024-10-08,1068668.007048818
2024-10-09,812270.1903557988
2024-10-10,642151.5196266883
2024-10-11,639706.0537096191
2024-10-12,386993.7441375372
2024-10-13,362310.3545843108
2024-10-14,605963.0413767822
2024-10-15,836341.90135389
2024-10-16,701874.9673499214
2024-10-17,592975.5383560109
2024-10-18,657453.9189112573
2024-10-19,380312.4138809915
2024-10-20,371365.76986347215
2024-10-21,660253.1279021731
2024-10-22,672533.2845571071
2024-10-23,531297.6086798153
2024-10-24,582509.7414604152
2024-10-25,580385.0656825635
2024-10-26,355906.59260564833
2024-10-27,313396.9887960386
2024-10-28,642718.4959970043
2024-10-29,969730.0143010134
2024-10-30,914431.5387501168
2024-10-31,841843.8252213715
2024-11-01,778325.6280858238
2024-11-02,319668.8147897112
2024-11-03,347603.3903928736
2024-11-04,650259.0941658515
2024-11-05,733010.1056977672
2024-11-06,1268937.2231146365
2024-11-07,902154.558561996
2024-11-08,953404.9382482736
2024-11-09,551065.6475042306
2024-11-10,808961.3998951652
2024-11-11,1204667.9662189195
2024-11-12,1383872.6307425715
2024-11-13,1222908.3063392444
2024-11-14,1058121.4224924846
2024-11-15,928123.0808657724
2024-11-16,524803.1979336018
2024-11-17,444772.3042972665
2024-11-18,888920.8559166278
2024-11-19,943414.4744099808
2024-11-20,1010374.76069407
2024-11-21,1437644.971725258
2024-11-22,1074499.480550723
2024-11-23,719698.6201790483
2024-11-24,566408.752652852
2024-11-25,1011844.1848499022
2024-11-26,966685.7978009495
2024-11-27,773633.5860690508
2024-11-28,594620.3070454241
2024-11-29,704573.052100606
2024-11-30,472061.8239517715
2024-12-01,414649.0819937025
2024-12-02,924341.1490483156
2024-12-03,845685.3929371192
2024-12-04,855006.8286922212
2024-12-05,1458064.4692313098
2024-12-06,1058922.3147943672
2024-12-07,456357.3420020911
2024-12-08,443074.6832436691
2024-12-09,965813.9332878764
2024-12-10,839573.4783076796
2024-12-11,858938.2981387884
2024-12-12,733417.2016895034
2024-12-13,738903.0206815624
2024-12-14,430661.4198166562
2024-12-15,435592.1611988488
2024-12-16,944149.5981226348
2024-12-17,899983.4775437801
2024-12-18,863124.9377957653
2024-12-19,941187.6699843898
2024-12-20,970347.569439368
2024-12-21,451465.4607173367
2024-12-22,367541.5435169301
2024-12-23,949013.5962306652
2024-12-24,657352.1819701063
2024-12-25,455890.1027724574
2024-12-26,603281.5561685289
2024-12-27,649887.8516713751
2024-12-28,383372.642108826
2024-12-29,584727.764962693
2024-12-30,871546.387972725
2024-12-31,828260.9477125912
2025-01-01,539953.5324479822
2025-01-02,634979.2361194293
2025-01-03,674687.3423459273
2025-01-04,474874.7069852138
2025-01-05,450109.2146893607
2025-01-06,737125.5617071895
2025-01-07,808630.969284022
2025-01-08,784665.2639107796
2025-01-09,750688.58405636
2025-01-10,916240.991515866
2025-01-11,429441.32740336057
2025-01-12,465857.3967394976
2025-01-13,641005.6302590541
2025-01-14,775592.483289918
2025-01-15,852579.1752953441
2025-01-16,902568.8484161457
2025-01-17,928946.3054353992
2025-01-18,767454.691547205
2025-01-19,720719.9783304674
2025-01-20,961130.4865877556
2025-01-21,875424.5793068056
2025-01-22,794429.9219138741
2025-01-23,853792.9981274175
2025-01-24,704594.1043631484
2025-01-25,436039.01003608626
2025-01-26,403647.2487364654
2025-01-27,688610.6450814432
2025-01-28,535465.0216653026
2025-01-29,674853.8129454331
2025-01-30,640502.2747973717
2025-01-31,695031.4465801892
2025-02-01,414956.73764870205
2025-02-02,536778.8400299399
2025-02-03,876169.4756701029
2025-02-04,733042.3244044902
2025-02-05,703165.866151592
2025-02-06,621613.1045917249
2025-02-07,540986.5617418498
2025-02-08,381304.205580459
2025-02-09,384656.90010658256
2025-02-10,577459.3863082707
2025-02-11,596692.0503578433
2025-02-12,571134.6488628598
2025-02-13,599946.5143420058
2025-02-14,626832.528904628
2025-02-15,518154.848237537
2025-02-16,472096.56860169856
2025-02-17,545508.6074177873
2025-02-18,602417.8034707359
2025-02-19,646574.3940608707
2025-02-20,712996.3413949646
2025-02-21,776218.8796220354
2025-02-22,710616.2259962864
2025-02-23,514513.2262420151
2025-02-24,797420.0605861305
2025-02-25,1342314.4878907008
2025-02-26,1304559.6801679595
2025-02-27,978750.8724108648
2025-02-28,959889.521638162
2025-03-01,586861.1102651588
2025-03-02,689940.9401719305
2025-03-03,918110.1340647176
2025-03-04,716490.7653132618
2025-03-05,637121.1964791361
2025-03-06,745382.9592287063
2025-03-07,794877.2781499162
2025-03-08,468139.46895801846
2025-03-09,516664.1934521764
2025-03-10,793936.4406689026
2025-03-11,839354.3377643365
2025-03-12,728907.7670192188
2025-03-13,622082.5265915043
2025-03-14,558307.4949914808
2025-03-15,404904.2709149956
2025-03-16,427833.4585938498
2025-03-17,565930.725139535
2025-03-18,573466.2977525638
2025-03-19,557514.7272005888
2025-03-20,594456.2227735356
2025-03-21,503425.7124816587
2025-03-22,329192.8230417305
2025-03-23,320723.80732360133
2025-03-24,550865.5085339503
2025-03-25,606946.8047962261
2025-03-26,584772.3104568687
2025-03-27,557973.8304889845
2025-03-28,688099.5094018162
2025-03-29,442272.53043024807
2025-03-30,399659.7425680387
2025-03-31,710598.7531346937
2025-04-01,572955.3409079915
2025-04-02,604393.7166311253
2025-04-03,669511.8752732129
2025-04-04,585001.7853769639
2025-04-05,361328.6529885604
2025-04-06,439315.96113355446
2025-04-07,792091.204218502
2025-04-08,611653.2591485381
